Timestamp,Prediction
2025-03-29 21:33:18.405985,0
2025-03-29 21:33:18.583178,0
2025-03-29 21:33:18.624312,0
2025-03-29 21:33:18.694309,0
2025-03-29 21:33:18.737686,0
2025-03-29 21:33:18.776100,0
2025-03-29 21:33:18.819747,0
2025-03-29 21:33:18.877204,0
2025-03-29 21:33:18.951075,0
2025-03-29 21:33:19.000015,0
2025-03-29 21:33:19.056370,0
2025-03-29 21:33:19.099830,0
2025-03-29 21:33:19.139759,0
2025-03-29 21:33:19.202104,0
2025-03-29 21:33:19.255841,0
2025-03-29 21:33:19.300909,0
2025-03-29 21:33:19.342170,0
2025-03-29 21:33:19.383783,0
2025-03-29 21:33:19.435808,0
2025-03-29 21:33:19.479566,0
2025-03-29 21:33:19.524945,0
2025-03-29 21:33:19.567337,0
2025-03-29 21:33:19.619769,0
2025-03-29 21:33:19.660356,0
2025-03-29 21:33:19.709623,0
2025-03-29 21:33:19.747922,0
2025-03-29 21:33:19.785804,0
2025-03-29 21:33:19.822736,0
2025-03-29 21:33:19.864014,0
2025-03-29 21:33:19.916053,0
2025-03-29 21:33:19.969634,0
2025-03-29 21:33:20.022481,0
2025-03-29 21:33:20.064942,0
2025-03-29 21:33:20.106089,0
2025-03-29 21:33:20.148065,0
2025-03-29 21:33:20.185737,0
2025-03-29 21:33:20.229473,0
2025-03-29 21:33:20.269513,0
2025-03-29 21:33:20.314510,0
2025-03-29 21:33:20.369619,0
2025-03-29 21:33:20.420998,0
2025-03-29 21:33:20.464044,0
2025-03-29 21:33:20.501144,0
2025-03-29 21:33:20.540819,0
2025-03-29 21:33:20.583477,0
2025-03-29 21:33:20.626257,0
2025-03-29 21:33:20.670829,0
2025-03-29 21:33:20.715181,0
2025-03-29 21:33:20.760885,0
2025-03-29 21:33:20.824347,0
2025-03-29 21:33:20.871006,0
2025-03-29 21:33:20.916105,0
2025-03-29 21:33:20.967837,0
2025-03-29 21:33:21.007562,0
2025-03-29 21:33:21.052715,0
2025-03-29 21:33:21.091739,0
2025-03-29 21:33:21.159484,0
2025-03-29 21:33:21.203103,0
2025-03-29 21:33:21.249680,0
2025-03-29 21:33:21.287731,0
2025-03-29 21:33:21.329591,0
2025-03-29 21:33:21.366534,0
2025-03-29 21:33:21.411991,0
2025-03-29 21:33:21.449493,0
2025-03-29 21:33:21.489454,0
2025-03-29 21:33:21.549424,0
2025-03-29 21:33:21.616088,0
2025-03-29 21:33:21.662416,0
2025-03-29 21:33:21.707477,0
2025-03-29 21:33:21.749481,0
2025-03-29 21:33:21.790451,0
2025-03-29 21:33:21.831097,0
2025-03-29 21:33:21.877758,0
2025-03-29 21:33:21.917719,0
2025-03-29 21:33:21.959507,0
2025-03-29 21:33:21.999643,0
2025-03-29 21:33:22.045068,0
2025-03-29 21:33:22.089733,0
2025-03-29 21:33:22.136297,0
2025-03-29 21:33:22.173085,0
2025-03-29 21:33:22.213900,0
2025-03-29 21:33:22.259591,0
2025-03-29 21:33:22.289492,0
2025-03-29 21:33:22.340938,0
2025-03-29 21:33:22.384107,0
2025-03-29 21:33:22.430807,0
2025-03-29 21:33:22.471818,0
2025-03-29 21:33:22.514647,0
2025-03-29 21:33:22.559495,0
2025-03-29 21:33:22.609876,0
2025-03-29 21:33:22.656027,0
2025-03-29 21:33:22.696643,0
2025-03-29 21:33:22.741627,0
2025-03-29 21:33:22.789607,0
2025-03-29 21:33:22.833028,0
2025-03-29 21:33:22.879525,0
2025-03-29 21:33:22.923242,0
2025-03-29 21:33:22.969521,0
2025-03-29 21:33:23.017729,0
2025-03-29 21:33:23.065946,0
2025-03-29 21:33:23.109804,0
2025-03-29 21:33:23.156236,0
2025-03-29 21:33:23.199515,0
2025-03-29 21:33:23.244935,0
2025-03-29 21:33:23.284006,0
2025-03-29 21:33:23.330913,0
2025-03-29 21:33:23.361978,0
2025-03-29 21:33:23.404314,0
2025-03-29 21:33:23.443717,0
2025-03-29 21:33:23.486646,0
2025-03-29 21:33:23.553739,0
2025-03-29 21:33:23.600209,0
2025-03-29 21:33:23.640902,0
2025-03-29 21:33:23.689449,0
2025-03-29 21:33:23.753161,0
2025-03-29 21:33:23.804249,0
2025-03-29 21:33:23.843225,0
2025-03-29 21:33:23.887256,0
2025-03-29 21:33:23.929495,0
2025-03-29 21:33:23.969565,0
2025-03-29 21:33:24.012722,0
2025-03-29 21:33:24.071073,0
2025-03-29 21:33:24.110758,0
2025-03-29 21:33:24.152000,0
2025-03-29 21:33:24.215796,0
2025-03-29 21:33:24.262433,0
2025-03-29 21:33:24.313139,0
2025-03-29 21:33:24.373885,0
2025-03-29 21:33:24.421121,0
2025-03-29 21:33:24.488254,0
2025-03-29 21:33:24.547804,0
2025-03-29 21:33:24.601252,0
2025-03-29 21:33:24.661368,0
2025-03-29 21:33:24.701774,0
2025-03-29 21:33:24.739798,0
2025-03-29 21:33:24.785042,0
2025-03-29 21:33:24.827638,0
2025-03-29 21:33:24.866766,0
2025-03-29 21:33:24.902105,0
2025-03-29 21:33:24.942236,0
2025-03-29 21:33:24.989846,0
2025-03-29 21:33:25.034016,0
2025-03-29 21:33:25.073918,0
2025-03-29 21:33:25.133341,0
2025-03-29 21:33:25.189529,0
2025-03-29 21:33:25.230911,0
2025-03-29 21:33:25.287159,0
2025-03-29 21:33:25.333537,0
2025-03-29 21:33:25.381140,0
2025-03-29 21:33:25.420883,0
2025-03-29 21:33:25.481200,0
2025-03-29 21:33:25.534954,0
2025-03-29 21:33:25.590891,0
2025-03-29 21:33:25.650868,0
2025-03-29 21:33:25.689449,0
2025-03-29 21:33:25.751323,0
2025-03-29 21:33:25.802444,0
2025-03-29 21:33:25.849413,0
2025-03-29 21:33:25.891041,0
2025-03-29 21:33:25.939736,0
2025-03-29 21:33:25.984309,0
2025-03-29 21:33:26.038462,0
2025-03-29 21:33:26.083505,0
2025-03-29 21:33:26.130650,0
2025-03-29 21:33:26.171193,0
2025-03-29 21:33:26.215497,0
2025-03-29 21:33:26.256218,0
2025-03-29 21:33:26.299845,0
2025-03-29 21:33:26.341171,0
2025-03-29 21:33:26.393614,0
2025-03-29 21:33:26.444998,0
2025-03-29 21:33:26.491472,0
2025-03-29 21:33:26.537285,0
2025-03-29 21:33:26.589858,0
2025-03-29 21:33:26.644532,0
2025-03-29 21:33:26.686630,0
2025-03-29 21:33:26.747963,0
2025-03-29 21:33:26.789791,0
2025-03-29 21:33:26.979473,0
2025-03-29 21:33:27.031092,0
2025-03-29 21:33:27.095240,0
2025-03-29 21:33:27.149470,0
2025-03-29 21:33:27.214503,0
2025-03-29 21:33:27.284565,0
2025-03-29 21:33:27.339453,0
2025-03-29 21:33:27.384749,0
2025-03-29 21:33:27.439812,0
2025-03-29 21:33:27.489733,0
2025-03-29 21:33:27.556669,0
2025-03-29 21:33:27.609858,0
2025-03-29 21:33:27.662740,0
2025-03-29 21:33:27.719435,0
2025-03-29 21:33:27.773307,0
2025-03-29 21:33:27.813327,0
2025-03-29 21:33:27.856488,0
2025-03-29 21:33:27.920769,0
2025-03-29 21:33:27.971662,0
2025-03-29 21:33:28.015184,0
2025-03-29 21:33:28.069649,0
2025-03-29 21:33:28.116838,0
2025-03-29 21:33:28.159569,0
2025-03-29 21:33:28.208173,0
2025-03-29 21:33:28.249949,0
2025-03-29 21:33:28.306162,0
2025-03-29 21:33:28.351492,0
2025-03-29 21:33:28.409680,0
2025-03-29 21:33:28.461059,0
2025-03-29 21:33:28.502700,0
2025-03-29 21:33:28.549109,0
2025-03-29 21:33:28.589884,0
2025-03-29 21:33:28.639609,0
2025-03-29 21:33:28.702824,0
2025-03-29 21:33:28.765366,0
2025-03-29 21:33:28.820892,0
2025-03-29 21:33:28.879612,0
2025-03-29 21:33:28.963873,0
2025-03-29 21:33:29.020779,0
2025-03-29 21:33:29.071217,0
2025-03-29 21:33:29.129708,0
2025-03-29 21:33:29.182680,0
2025-03-29 21:33:29.279711,0
2025-03-29 21:33:29.339832,0
2025-03-29 21:33:29.387142,0
2025-03-29 21:33:29.433161,0
2025-03-29 21:33:29.475587,0
2025-03-29 21:33:29.519445,0
2025-03-29 21:33:29.569798,0
2025-03-29 21:33:29.612614,0
2025-03-29 21:33:29.669486,0
2025-03-29 21:33:29.727991,0
2025-03-29 21:33:29.766399,0
2025-03-29 21:33:29.812347,0
2025-03-29 21:33:29.864018,0
2025-03-29 21:33:29.909614,0
2025-03-29 21:33:29.956319,0
2025-03-29 21:33:29.999730,0
2025-03-29 21:33:30.075665,0
2025-03-29 21:33:30.130780,0
2025-03-29 21:33:30.182217,0
2025-03-29 21:33:30.231814,0
2025-03-29 21:33:30.281545,0
2025-03-29 21:33:30.333233,0
2025-03-29 21:33:30.379555,0
2025-03-29 21:33:30.432668,0
2025-03-29 21:33:30.486030,0
2025-03-29 21:33:30.541054,0
2025-03-29 21:33:30.599663,0
2025-03-29 21:33:30.655955,0
2025-03-29 21:33:30.694698,0
2025-03-29 21:33:30.742963,0
2025-03-29 21:33:30.799758,0
2025-03-29 21:33:30.870113,0
2025-03-29 21:33:30.909745,0
2025-03-29 21:33:30.966906,0
2025-03-29 21:33:31.014277,0
2025-03-29 21:33:31.069745,0
2025-03-29 21:33:31.120886,0
2025-03-29 21:33:31.174069,0
2025-03-29 21:33:31.229487,0
2025-03-29 21:33:31.289664,0
2025-03-29 21:33:31.329586,0
2025-03-29 21:33:31.389538,0
2025-03-29 21:33:31.439810,0
2025-03-29 21:33:31.481265,0
2025-03-29 21:33:31.532022,0
2025-03-29 21:33:31.579751,0
2025-03-29 21:33:31.643091,0
2025-03-29 21:33:31.693105,0
2025-03-29 21:33:31.739710,0
2025-03-29 21:33:31.786350,0
2025-03-29 21:33:31.834200,0
2025-03-29 21:33:31.890324,0
2025-03-29 21:33:31.983147,0
2025-03-29 21:33:32.080832,0
2025-03-29 21:33:32.187785,0
2025-03-29 21:33:32.271254,0
2025-03-29 21:33:32.386865,0
2025-03-29 21:33:32.479588,0
2025-03-29 21:33:32.569799,0
2025-03-29 21:33:32.669643,0
2025-03-29 21:33:32.764338,0
2025-03-29 21:33:32.845361,0
2025-03-29 21:33:32.931338,0
2025-03-29 21:33:33.019842,0
2025-03-29 21:33:33.109703,0
2025-03-29 21:33:33.202698,0
2025-03-29 21:33:33.282687,0
2025-03-29 21:33:33.383083,0
2025-03-29 21:33:33.491556,0
2025-03-29 21:33:33.589411,0
2025-03-29 21:33:33.679809,0
2025-03-29 21:33:33.775850,0
2025-03-29 21:33:33.869807,0
2025-03-29 21:33:33.959788,0
2025-03-29 21:33:34.049926,0
2025-03-29 21:33:34.144579,0
2025-03-29 21:33:34.231821,0
2025-03-29 21:33:34.329725,0
2025-03-29 21:33:34.418643,0
2025-03-29 21:33:34.519590,0
2025-03-29 21:33:34.620867,0
2025-03-29 21:33:34.700845,0
2025-03-29 21:33:34.800412,0
2025-03-29 21:33:34.894713,0
2025-03-29 21:33:35.027399,0
2025-03-29 21:33:35.134744,0
2025-03-29 21:33:35.246069,0
2025-03-29 21:33:35.349621,0
2025-03-29 21:33:35.439763,0
2025-03-29 21:33:35.529868,0
2025-03-29 21:33:35.619640,0
2025-03-29 21:33:35.694363,0
2025-03-29 21:33:35.779630,0
2025-03-29 21:33:35.899615,0
2025-03-29 21:33:36.001340,0
2025-03-29 21:33:36.091265,0
2025-03-29 21:33:36.199384,0
2025-03-29 21:33:36.299675,0
2025-03-29 21:33:36.383793,0
2025-03-29 21:33:36.477185,0
2025-03-29 21:33:36.555606,0
2025-03-29 21:33:36.650103,0
2025-03-29 21:33:36.731096,0
2025-03-29 21:33:36.819701,0
2025-03-29 21:33:36.909671,0
2025-03-29 21:33:36.984948,0
2025-03-29 21:33:37.071805,0
2025-03-29 21:33:37.169367,0
2025-03-29 21:33:37.259614,0
2025-03-29 21:33:37.366240,0
2025-03-29 21:33:37.457795,0
2025-03-29 21:33:37.541378,0
2025-03-29 21:33:37.641390,0
2025-03-29 21:33:37.719687,0
2025-03-29 21:33:37.812386,0
2025-03-29 21:33:37.909727,0
2025-03-29 21:33:37.990479,0
2025-03-29 21:33:38.112231,0
2025-03-29 21:33:38.219450,0
2025-03-29 21:33:38.321839,0
2025-03-29 21:33:38.419529,0
2025-03-29 21:33:38.503354,0
2025-03-29 21:33:38.594905,0
2025-03-29 21:33:38.681256,0
2025-03-29 21:33:38.781034,0
2025-03-29 21:33:38.869812,0
2025-03-29 21:33:38.963410,0
2025-03-29 21:33:39.073331,0
2025-03-29 21:33:39.160844,0
2025-03-29 21:33:39.239747,0
2025-03-29 21:33:39.362497,0
2025-03-29 21:33:39.453113,0
2025-03-29 21:33:39.536595,0
2025-03-29 21:33:39.641361,0
2025-03-29 21:33:39.724408,0
2025-03-29 21:33:39.812100,0
2025-03-29 21:33:39.901282,0
2025-03-29 21:33:39.988380,0
2025-03-29 21:33:40.086286,0
2025-03-29 21:33:40.189596,0
2025-03-29 21:33:40.283757,0
2025-03-29 21:33:40.359635,0
2025-03-29 21:33:40.449366,0
2025-03-29 21:33:40.559555,0
2025-03-29 21:33:40.676651,0
2025-03-29 21:33:40.784532,0
2025-03-29 21:33:40.875192,0
2025-03-29 21:33:41.011658,0
2025-03-29 21:33:41.132802,0
2025-03-29 21:33:41.239452,0
2025-03-29 21:33:41.359435,0
2025-03-29 21:33:41.434356,0
2025-03-29 21:33:41.527988,0
2025-03-29 21:33:41.623233,0
2025-03-29 21:33:41.716387,0
2025-03-29 21:33:41.819776,0
2025-03-29 21:33:41.916936,0
2025-03-29 21:33:41.999534,0
2025-03-29 21:33:42.092270,0
2025-03-29 21:33:42.199807,0
2025-03-29 21:33:42.281645,0
2025-03-29 21:33:42.372722,0
2025-03-29 21:33:42.455166,0
2025-03-29 21:33:42.561197,0
2025-03-29 21:33:42.652123,0
2025-03-29 21:33:42.744615,0
2025-03-29 21:33:42.841115,0
2025-03-29 21:33:42.922707,0
2025-03-29 21:33:42.995253,0
2025-03-29 21:33:43.089373,0
2025-03-29 21:33:43.169796,0
2025-03-29 21:33:43.270918,0
2025-03-29 21:33:43.351305,0
2025-03-29 21:33:43.473235,0
2025-03-29 21:33:43.566042,0
2025-03-29 21:33:43.669658,0
2025-03-29 21:33:43.760761,0
2025-03-29 21:33:43.842582,0
2025-03-29 21:33:43.939654,0
2025-03-29 21:33:44.036299,0
2025-03-29 21:33:44.123089,0
2025-03-29 21:33:44.227432,0
2025-03-29 21:33:44.313089,0
2025-03-29 21:33:44.399813,0
2025-03-29 21:33:44.489767,0
2025-03-29 21:33:44.589561,0
2025-03-29 21:33:44.683914,0
2025-03-29 21:33:44.779701,0
2025-03-29 21:33:44.879420,0
2025-03-29 21:33:44.989682,0
2025-03-29 21:33:45.093260,0
2025-03-29 21:33:45.193398,0
2025-03-29 21:33:45.289599,0
2025-03-29 21:33:45.379527,0
2025-03-29 21:33:45.476070,0
2025-03-29 21:33:45.585919,0
2025-03-29 21:33:45.682464,0
2025-03-29 21:33:45.779555,0
2025-03-29 21:33:45.870812,0
2025-03-29 21:33:45.969783,0
2025-03-29 21:33:46.062839,0
2025-03-29 21:33:46.164981,0
2025-03-29 21:33:46.262205,0
2025-03-29 21:33:46.355693,0
2025-03-29 21:33:46.444811,0
2025-03-29 21:33:46.549507,0
2025-03-29 21:33:46.643143,0
2025-03-29 21:33:46.749635,0
2025-03-29 21:33:46.836757,0
2025-03-29 21:33:46.942611,0
2025-03-29 21:33:47.046009,0
2025-03-29 21:33:47.157775,0
2025-03-29 21:33:47.279830,0
2025-03-29 21:33:47.386022,0
2025-03-29 21:33:47.461704,0
2025-03-29 21:33:47.549418,0
2025-03-29 21:33:47.635781,0
2025-03-29 21:33:47.732159,0
2025-03-29 21:33:47.835783,0
2025-03-29 21:33:47.920729,0
2025-03-29 21:33:47.999563,0
2025-03-29 21:33:48.101719,0
2025-03-29 21:33:48.197007,0
2025-03-29 21:33:48.303161,0
2025-03-29 21:33:48.403471,0
2025-03-29 21:33:48.491173,0
2025-03-29 21:33:48.577008,0
2025-03-29 21:33:48.653422,0
2025-03-29 21:33:48.749720,0
2025-03-29 21:33:48.842012,0
2025-03-29 21:33:48.940901,0
2025-03-29 21:33:49.049784,0
2025-03-29 21:33:49.141978,0
2025-03-29 21:33:49.239480,0
2025-03-29 21:33:49.356204,0
2025-03-29 21:33:49.482241,0
2025-03-29 21:33:49.581116,0
2025-03-29 21:33:49.688709,0
2025-03-29 21:33:49.795201,0
2025-03-29 21:33:49.899402,0
2025-03-29 21:33:49.985039,0
2025-03-29 21:33:50.067804,0
2025-03-29 21:33:50.171303,0
2025-03-29 21:33:50.271991,0
2025-03-29 21:33:50.372893,0
2025-03-29 21:33:50.466258,0
2025-03-29 21:33:50.565414,0
2025-03-29 21:33:50.650211,0
2025-03-29 21:33:50.734734,0
2025-03-29 21:33:50.824762,0
2025-03-29 21:33:50.922887,0
2025-03-29 21:33:50.997591,0
2025-03-29 21:33:51.094615,0
2025-03-29 21:33:51.189637,0
2025-03-29 21:33:51.294768,0
2025-03-29 21:33:51.379457,0
2025-03-29 21:33:51.469647,0
2025-03-29 21:33:51.586568,0
2025-03-29 21:33:51.669640,0
2025-03-29 21:33:51.773601,0
2025-03-29 21:33:51.873500,0
2025-03-29 21:33:51.962974,0
2025-03-29 21:33:52.055659,0
2025-03-29 21:33:52.160934,0
2025-03-29 21:33:52.250583,0
2025-03-29 21:33:52.349730,0
2025-03-29 21:33:52.449547,0
2025-03-29 21:33:52.534402,0
2025-03-29 21:33:52.624732,0
2025-03-29 21:33:52.720763,0
2025-03-29 21:33:52.811263,0
2025-03-29 21:33:52.902439,0
2025-03-29 21:33:52.996750,0
2025-03-29 21:33:53.099784,0
2025-03-29 21:33:53.190585,0
2025-03-29 21:33:53.314456,0
2025-03-29 21:33:53.419816,0
2025-03-29 21:33:53.536624,0
2025-03-29 21:33:53.630736,0
2025-03-29 21:33:53.735397,0
2025-03-29 21:33:53.819642,0
2025-03-29 21:33:53.912884,0
2025-03-29 21:33:54.030874,0
2025-03-29 21:33:54.121232,0
2025-03-29 21:33:54.229545,0
2025-03-29 21:33:54.350566,0
2025-03-29 21:33:54.449914,0
2025-03-29 21:33:54.553751,0
2025-03-29 21:33:54.646293,0
2025-03-29 21:33:54.741235,0
2025-03-29 21:33:54.830752,0
2025-03-29 21:33:54.922958,0
2025-03-29 21:33:55.024590,0
2025-03-29 21:33:55.122729,0
2025-03-29 21:33:55.213220,0
2025-03-29 21:33:55.299637,0
2025-03-29 21:33:55.380439,0
2025-03-29 21:33:55.471930,0
2025-03-29 21:33:55.559659,0
2025-03-29 21:33:55.665330,0
2025-03-29 21:33:55.762770,0
2025-03-29 21:33:55.850735,0
2025-03-29 21:33:55.940812,0
2025-03-29 21:33:56.049640,0
2025-03-29 21:33:56.151485,0
2025-03-29 21:33:56.259756,0
2025-03-29 21:33:56.349663,0
2025-03-29 21:33:56.444382,0
2025-03-29 21:33:56.539371,0
2025-03-29 21:33:56.632899,0
2025-03-29 21:33:56.719753,0
2025-03-29 21:33:56.820986,0
2025-03-29 21:33:56.919522,0
2025-03-29 21:33:57.001621,0
2025-03-29 21:33:57.104730,0
2025-03-29 21:33:57.209771,0
2025-03-29 21:33:57.314810,0
2025-03-29 21:33:57.396231,0
2025-03-29 21:33:57.501753,0
2025-03-29 21:33:57.590325,0
2025-03-29 21:33:57.689394,0
2025-03-29 21:33:57.796074,0
2025-03-29 21:33:57.889443,0
2025-03-29 21:33:57.989598,0
2025-03-29 21:33:58.080288,0
2025-03-29 21:33:58.184693,0
2025-03-29 21:33:58.270698,0
2025-03-29 21:33:58.370497,0
2025-03-29 21:33:58.449591,0
2025-03-29 21:33:58.565441,0
2025-03-29 21:33:58.679445,0
2025-03-29 21:33:58.778084,0
2025-03-29 21:33:58.873371,0
2025-03-29 21:33:58.975003,0
2025-03-29 21:33:59.069506,0
2025-03-29 21:33:59.172030,0
2025-03-29 21:33:59.263094,0
2025-03-29 21:33:59.389647,0
2025-03-29 21:33:59.491089,0
2025-03-29 21:33:59.599449,0
2025-03-29 21:33:59.699576,0
2025-03-29 21:33:59.799451,0
2025-03-29 21:33:59.906550,0
2025-03-29 21:34:00.007268,0
2025-03-29 21:34:00.099939,0
2025-03-29 21:34:00.218708,0
2025-03-29 21:34:00.327747,0
2025-03-29 21:34:00.447365,0
2025-03-29 21:34:00.559775,0
2025-03-29 21:34:00.673001,0
2025-03-29 21:34:00.767279,0
2025-03-29 21:34:00.870759,0
2025-03-29 21:34:00.970719,0
2025-03-29 21:34:01.060752,0
2025-03-29 21:34:01.169597,0
2025-03-29 21:34:01.262448,0
2025-03-29 21:34:01.359427,0
2025-03-29 21:34:01.453104,0
2025-03-29 21:34:01.548240,0
2025-03-29 21:34:01.651529,0
2025-03-29 21:34:01.764660,0
2025-03-29 21:34:01.859424,0
2025-03-29 21:34:01.975274,0
2025-03-29 21:34:02.077797,0
2025-03-29 21:34:02.167814,0
2025-03-29 21:34:02.242509,0
2025-03-29 21:34:02.349445,0
2025-03-29 21:34:02.451065,0
2025-03-29 21:34:02.546016,0
2025-03-29 21:34:02.642939,0
2025-03-29 21:34:02.742182,0
2025-03-29 21:34:02.842412,0
2025-03-29 21:34:02.949582,0
2025-03-29 21:34:03.051357,0
2025-03-29 21:34:03.152521,0
2025-03-29 21:34:03.255893,0
2025-03-29 21:34:03.374247,0
2025-03-29 21:34:03.469788,0
2025-03-29 21:34:03.567246,0
2025-03-29 21:34:03.654221,0
2025-03-29 21:34:03.749576,0
2025-03-29 21:34:03.826259,0
2025-03-29 21:34:03.929363,0
2025-03-29 21:34:04.022063,0
2025-03-29 21:34:04.109741,0
2025-03-29 21:34:04.192448,0
2025-03-29 21:34:04.295264,0
2025-03-29 21:34:04.399749,0
2025-03-29 21:34:04.486321,0
2025-03-29 21:34:04.573228,0
2025-03-29 21:34:04.676155,0
2025-03-29 21:34:04.749823,0
2025-03-29 21:34:04.842457,0
2025-03-29 21:34:04.940836,0
2025-03-29 21:34:05.042132,0
2025-03-29 21:34:05.133128,0
2025-03-29 21:34:05.250491,0
2025-03-29 21:34:05.339574,0
2025-03-29 21:34:05.527217,0
2025-03-29 21:34:05.614784,0
2025-03-29 21:34:05.759613,0
2025-03-29 21:34:05.853495,0
2025-03-29 21:34:05.954497,0
2025-03-29 21:34:06.044793,0
2025-03-29 21:34:06.139669,0
2025-03-29 21:34:06.231188,0
2025-03-29 21:34:06.331914,0
2025-03-29 21:34:06.429344,0
2025-03-29 21:34:06.514206,0
2025-03-29 21:34:06.599378,0
2025-03-29 21:34:06.702254,0
2025-03-29 21:34:06.787480,0
2025-03-29 21:34:06.888376,0
2025-03-29 21:34:06.976415,0
2025-03-29 21:34:07.065242,0
2025-03-29 21:34:07.167623,0
2025-03-29 21:34:07.256150,0
2025-03-29 21:34:07.339307,0
2025-03-29 21:34:07.439866,0
2025-03-29 21:34:07.539436,0
2025-03-29 21:34:07.654521,0
2025-03-29 21:34:07.764724,0
2025-03-29 21:34:07.859381,0
2025-03-29 21:34:07.951898,0
2025-03-29 21:34:08.051502,0
2025-03-29 21:34:08.149547,0
2025-03-29 21:34:08.235520,0
2025-03-29 21:34:08.334246,0
2025-03-29 21:34:08.436219,0
2025-03-29 21:34:08.534199,0
2025-03-29 21:34:08.627599,0
2025-03-29 21:34:08.725235,0
2025-03-29 21:34:08.824819,0
2025-03-29 21:34:08.915149,0
2025-03-29 21:34:09.023024,0
2025-03-29 21:34:09.106067,0
2025-03-29 21:34:09.189721,0
2025-03-29 21:34:09.283913,0
2025-03-29 21:34:09.379639,0
2025-03-29 21:34:09.479498,0
2025-03-29 21:34:09.581217,0
2025-03-29 21:34:09.673427,0
2025-03-29 21:34:09.755460,0
2025-03-29 21:34:09.854980,0
2025-03-29 21:34:09.961894,0
2025-03-29 21:34:10.101051,0
2025-03-29 21:34:10.225136,0
2025-03-29 21:34:10.332156,0
2025-03-29 21:34:10.446788,0
2025-03-29 21:34:10.549605,0
2025-03-29 21:34:10.651489,0
2025-03-29 21:34:10.774132,0
2025-03-29 21:34:10.879625,0
2025-03-29 21:34:10.979620,0
2025-03-29 21:34:11.122978,0
2025-03-29 21:34:11.221229,0
2025-03-29 21:34:11.313873,0
2025-03-29 21:34:11.429585,0
2025-03-29 21:34:11.585683,0
2025-03-29 21:34:11.693298,0
2025-03-29 21:34:11.815067,0
2025-03-29 21:34:11.929715,0
2025-03-29 21:34:12.037393,0
2025-03-29 21:34:12.131477,0
2025-03-29 21:34:12.260596,0
2025-03-29 21:34:12.364733,0
2025-03-29 21:34:12.474163,0
2025-03-29 21:34:12.581244,0
2025-03-29 21:34:12.686473,0
2025-03-29 21:34:12.787848,0
2025-03-29 21:34:12.910954,0
2025-03-29 21:34:13.008849,0
2025-03-29 21:34:13.122667,0
2025-03-29 21:34:13.220521,0
2025-03-29 21:34:13.325248,0
2025-03-29 21:34:13.442753,0
2025-03-29 21:34:13.529527,0
2025-03-29 21:34:13.642664,0
2025-03-29 21:34:13.739440,0
2025-03-29 21:34:13.848069,0
2025-03-29 21:34:13.966050,0
2025-03-29 21:34:14.069452,0
2025-03-29 21:34:14.160997,0
2025-03-29 21:34:14.269669,0
2025-03-29 21:34:14.390698,0
2025-03-29 21:34:14.491428,0
2025-03-29 21:34:14.590744,0
2025-03-29 21:34:14.701137,0
2025-03-29 21:34:14.789380,0
2025-03-29 21:34:14.888035,0
2025-03-29 21:34:14.989582,0
2025-03-29 21:34:15.102832,0
2025-03-29 21:34:15.202845,0
2025-03-29 21:34:15.300860,0
2025-03-29 21:34:15.419524,0
2025-03-29 21:34:15.532128,0
2025-03-29 21:34:15.623908,0
2025-03-29 21:34:15.732823,0
2025-03-29 21:34:15.849359,0
2025-03-29 21:34:15.949782,0
2025-03-29 21:34:16.039488,0
2025-03-29 21:34:16.149642,0
2025-03-29 21:34:16.257177,0
2025-03-29 21:34:16.362630,0
2025-03-29 21:34:16.477788,0
2025-03-29 21:34:16.571339,0
2025-03-29 21:34:16.670833,0
2025-03-29 21:34:16.784471,0
2025-03-29 21:34:16.900430,0
2025-03-29 21:34:17.010712,0
2025-03-29 21:34:17.129510,0
2025-03-29 21:34:17.239301,0
2025-03-29 21:34:17.389576,0
2025-03-29 21:34:17.525548,0
2025-03-29 21:34:17.634082,0
2025-03-29 21:34:17.741179,0
2025-03-29 21:34:17.864403,0
2025-03-29 21:34:17.983974,0
2025-03-29 21:34:18.084185,0
2025-03-29 21:34:18.194642,0
2025-03-29 21:34:18.312880,0
2025-03-29 21:34:18.407468,0
2025-03-29 21:34:18.484930,0
2025-03-29 21:34:18.599566,0
2025-03-29 21:34:18.696605,0
2025-03-29 21:34:18.799408,0
2025-03-29 21:34:18.900957,0
2025-03-29 21:34:19.006091,0
2025-03-29 21:34:19.110621,0
2025-03-29 21:34:19.253621,0
2025-03-29 21:34:19.354639,0
2025-03-29 21:34:19.462142,0
2025-03-29 21:34:19.581637,0
2025-03-29 21:34:19.686632,0
2025-03-29 21:34:19.787723,0
2025-03-29 21:34:19.909684,0
2025-03-29 21:34:20.020951,0
2025-03-29 21:34:20.132396,0
2025-03-29 21:34:20.249708,0
2025-03-29 21:34:20.369725,0
2025-03-29 21:34:20.469451,0
2025-03-29 21:34:20.589677,0
2025-03-29 21:34:20.703654,0
2025-03-29 21:34:20.799475,0
2025-03-29 21:34:20.911943,0
2025-03-29 21:34:21.020355,0
2025-03-29 21:34:21.125451,0
2025-03-29 21:34:21.267749,0
2025-03-29 21:34:21.394448,0
2025-03-29 21:34:21.517019,0
2025-03-29 21:34:21.629690,0
2025-03-29 21:34:21.732333,0
2025-03-29 21:34:21.823126,0
2025-03-29 21:34:21.922021,0
2025-03-29 21:34:22.043932,0
2025-03-29 21:34:22.144256,0
2025-03-29 21:34:22.239521,0
2025-03-29 21:34:22.349503,0
2025-03-29 21:34:22.436183,0
2025-03-29 21:34:22.533250,0
2025-03-29 21:34:22.626378,0
2025-03-29 21:34:22.712632,0
2025-03-29 21:34:22.810688,0
2025-03-29 21:34:22.949771,0
2025-03-29 21:34:23.054787,0
2025-03-29 21:34:23.162438,0
2025-03-29 21:34:23.282041,0
2025-03-29 21:34:23.402735,0
2025-03-29 21:34:23.535848,0
2025-03-29 21:34:23.689824,0
2025-03-29 21:34:23.802031,0
2025-03-29 21:34:23.911524,0
2025-03-29 21:34:24.029318,0
2025-03-29 21:34:24.139753,0
2025-03-29 21:34:24.220690,0
2025-03-29 21:34:24.328858,0
2025-03-29 21:34:24.449696,0
2025-03-29 21:34:24.560759,0
2025-03-29 21:34:24.656687,0
2025-03-29 21:34:24.785688,0
2025-03-29 21:34:24.891272,0
2025-03-29 21:34:24.983809,0
2025-03-29 21:34:25.071133,0
2025-03-29 21:34:25.195277,0
2025-03-29 21:34:25.291014,0
2025-03-29 21:34:25.386787,0
2025-03-29 21:34:25.484063,0
2025-03-29 21:34:25.589691,0
2025-03-29 21:34:25.687634,0
2025-03-29 21:34:25.792571,0
2025-03-29 21:34:25.904106,0
2025-03-29 21:34:26.019363,0
2025-03-29 21:34:26.128679,0
2025-03-29 21:34:26.350680,0
2025-03-29 21:34:26.466218,0
2025-03-29 21:34:26.589821,0
2025-03-29 21:34:26.729400,0
2025-03-29 21:34:26.833429,0
2025-03-29 21:34:26.940557,0
2025-03-29 21:34:27.062095,0
2025-03-29 21:34:27.162908,0
2025-03-29 21:34:27.256368,0
2025-03-29 21:34:27.357333,0
2025-03-29 21:34:27.467639,0
2025-03-29 21:34:27.579513,0
2025-03-29 21:34:27.710355,0
2025-03-29 21:34:27.805863,0
2025-03-29 21:34:27.901094,0
2025-03-29 21:34:28.013869,0
2025-03-29 21:34:28.132043,0
2025-03-29 21:34:28.235459,0
2025-03-29 21:34:28.348216,0
2025-03-29 21:34:28.439340,0
2025-03-29 21:34:28.580666,0
2025-03-29 21:34:28.675301,0
2025-03-29 21:34:28.792280,0
2025-03-29 21:34:28.899602,0
2025-03-29 21:34:29.013329,0
2025-03-29 21:34:29.124320,0
2025-03-29 21:34:29.237127,0
2025-03-29 21:34:29.355800,0
2025-03-29 21:34:29.463863,0
2025-03-29 21:34:29.579605,0
2025-03-29 21:34:29.709561,0
2025-03-29 21:34:29.815392,0
2025-03-29 21:34:29.929255,0
2025-03-29 21:34:30.030638,0
2025-03-29 21:34:30.146197,0
2025-03-29 21:34:30.259402,0
2025-03-29 21:34:30.392657,0
2025-03-29 21:34:30.505455,0
2025-03-29 21:34:30.631491,0
2025-03-29 21:34:30.769538,0
2025-03-29 21:34:30.881447,0
2025-03-29 21:34:30.979482,0
2025-03-29 21:34:31.090283,0
2025-03-29 21:34:31.189311,0
2025-03-29 21:34:31.299545,0
2025-03-29 21:34:31.399304,0
2025-03-29 21:34:31.513762,0
2025-03-29 21:34:31.620654,0
2025-03-29 21:34:31.726739,0
2025-03-29 21:34:31.839547,0
2025-03-29 21:34:31.962033,0
2025-03-29 21:34:32.119337,0
2025-03-29 21:34:32.230583,0
2025-03-29 21:34:32.376831,0
2025-03-29 21:34:32.495296,0
2025-03-29 21:34:32.622867,0
2025-03-29 21:34:32.753582,0
2025-03-29 21:34:32.876790,0
2025-03-29 21:34:32.975575,0
2025-03-29 21:34:33.092895,0
2025-03-29 21:34:33.223832,0
2025-03-29 21:34:33.335853,0
2025-03-29 21:34:33.441419,0
2025-03-29 21:34:33.562704,0
2025-03-29 21:34:33.659649,0
2025-03-29 21:34:33.769550,0
2025-03-29 21:34:33.877590,0
2025-03-29 21:34:33.973839,0
2025-03-29 21:34:34.082825,0
2025-03-29 21:34:34.232111,0
2025-03-29 21:34:34.341956,0
2025-03-29 21:34:34.460743,0
2025-03-29 21:34:34.601529,0
2025-03-29 21:34:34.715670,0
2025-03-29 21:34:34.832853,0
2025-03-29 21:34:34.957732,0
2025-03-29 21:34:35.152590,0
2025-03-29 21:34:35.269703,0
2025-03-29 21:34:35.419576,0
2025-03-29 21:34:35.536473,0
2025-03-29 21:34:35.639309,0
2025-03-29 21:34:35.755590,0
2025-03-29 21:34:35.874552,0
2025-03-29 21:34:35.979597,0
2025-03-29 21:34:36.095251,0
2025-03-29 21:34:36.217513,0
2025-03-29 21:34:36.329737,0
2025-03-29 21:34:36.439546,0
2025-03-29 21:34:36.564310,0
2025-03-29 21:34:36.682930,0
2025-03-29 21:34:36.794961,0
2025-03-29 21:34:36.910609,0
2025-03-29 21:34:37.009672,0
2025-03-29 21:34:37.111402,0
2025-03-29 21:34:37.243713,0
2025-03-29 21:34:37.349631,0
2025-03-29 21:34:37.459314,0
2025-03-29 21:34:37.581847,0
2025-03-29 21:34:37.709733,0
2025-03-29 21:34:37.803822,0
2025-03-29 21:34:37.903631,0
2025-03-29 21:34:38.019348,0
2025-03-29 21:34:38.134247,0
2025-03-29 21:34:38.235549,0
2025-03-29 21:34:38.369618,0
2025-03-29 21:34:38.477677,0
2025-03-29 21:34:38.589287,0
2025-03-29 21:34:38.742698,0
2025-03-29 21:34:38.922647,0
2025-03-29 21:34:39.029466,0
2025-03-29 21:34:39.190685,0
2025-03-29 21:34:39.293546,0
2025-03-29 21:34:39.393016,0
2025-03-29 21:34:39.543763,0
2025-03-29 21:34:39.658024,0
2025-03-29 21:34:39.770739,0
2025-03-29 21:34:39.910602,0
2025-03-29 21:34:40.024451,0
2025-03-29 21:34:40.121604,0
2025-03-29 21:34:40.246442,0
2025-03-29 21:34:40.360877,0
2025-03-29 21:34:40.479504,0
2025-03-29 21:34:40.609889,0
2025-03-29 21:34:40.707751,0
2025-03-29 21:34:40.819636,0
2025-03-29 21:34:40.919751,0
2025-03-29 21:34:41.071166,0
2025-03-29 21:34:41.197235,0
2025-03-29 21:34:41.309481,0
2025-03-29 21:34:41.416116,0
2025-03-29 21:34:41.539269,0
2025-03-29 21:34:41.649618,0
2025-03-29 21:34:41.760545,0
2025-03-29 21:34:41.862859,0
2025-03-29 21:34:41.964192,0
2025-03-29 21:34:42.060564,0
2025-03-29 21:34:42.187059,0
2025-03-29 21:34:42.283659,0
2025-03-29 21:34:42.381019,0
2025-03-29 21:34:42.499723,0
2025-03-29 21:34:42.619716,0
2025-03-29 21:34:42.714294,0
2025-03-29 21:34:42.829399,0
2025-03-29 21:34:42.978693,0
2025-03-29 21:34:43.110952,0
2025-03-29 21:34:43.199444,0
2025-03-29 21:34:43.291193,0
2025-03-29 21:34:43.399583,0
2025-03-29 21:34:43.500901,0
2025-03-29 21:34:43.629547,0
2025-03-29 21:34:43.750471,0
2025-03-29 21:34:43.865152,0
2025-03-29 21:34:43.959878,0
2025-03-29 21:34:44.077583,0
2025-03-29 21:34:44.193098,0
2025-03-29 21:34:44.315638,0
2025-03-29 21:34:44.432656,0
2025-03-29 21:34:44.553118,0
2025-03-29 21:34:44.674956,0
2025-03-29 21:34:44.793691,0
2025-03-29 21:34:44.904590,0
2025-03-29 21:34:44.994441,0
2025-03-29 21:34:45.119405,0
2025-03-29 21:34:45.226722,0
2025-03-29 21:34:45.319487,0
2025-03-29 21:34:45.410670,0
2025-03-29 21:34:45.518973,0
2025-03-29 21:34:45.622762,0
2025-03-29 21:34:45.719631,0
2025-03-29 21:34:45.822434,0
2025-03-29 21:34:46.022745,0
2025-03-29 21:34:46.154801,0
2025-03-29 21:34:46.289549,0
2025-03-29 21:34:46.384111,0
2025-03-29 21:34:46.474286,0
2025-03-29 21:34:46.572577,0
2025-03-29 21:34:46.677709,0
2025-03-29 21:34:46.792199,0
2025-03-29 21:34:46.904371,0
2025-03-29 21:34:47.012245,0
2025-03-29 21:34:47.106102,0
2025-03-29 21:34:47.199547,0
2025-03-29 21:34:47.317496,0
2025-03-29 21:34:47.408231,0
2025-03-29 21:34:47.509537,0
2025-03-29 21:34:47.622675,0
2025-03-29 21:34:47.723620,0
2025-03-29 21:34:47.820625,0
2025-03-29 21:34:47.945681,0
2025-03-29 21:34:48.035827,0
2025-03-29 21:34:48.127326,0
2025-03-29 21:34:48.233555,0
2025-03-29 21:34:48.344149,0
2025-03-29 21:34:48.442222,0
2025-03-29 21:34:48.532493,0
2025-03-29 21:34:48.642589,0
2025-03-29 21:34:48.757421,0
2025-03-29 21:34:48.859656,0
2025-03-29 21:34:48.979545,0
2025-03-29 21:34:49.092661,0
2025-03-29 21:34:49.189533,0
2025-03-29 21:34:49.309231,0
2025-03-29 21:34:49.404810,0
2025-03-29 21:34:49.504759,0
2025-03-29 21:34:49.621921,0
2025-03-29 21:34:49.714731,0
2025-03-29 21:34:49.829428,0
2025-03-29 21:34:49.917789,0
2025-03-29 21:34:50.045582,0
2025-03-29 21:34:50.204672,0
2025-03-29 21:34:50.319656,0
2025-03-29 21:34:50.463270,0
2025-03-29 21:34:50.559075,0
2025-03-29 21:34:50.659040,0
2025-03-29 21:34:50.759411,0
2025-03-29 21:34:50.852519,0
2025-03-29 21:34:50.970879,0
2025-03-29 21:34:51.090549,0
2025-03-29 21:34:51.193901,0
2025-03-29 21:34:51.295856,0
2025-03-29 21:34:51.391138,0
2025-03-29 21:34:51.519461,0
2025-03-29 21:34:51.610551,0
2025-03-29 21:34:51.705841,0
2025-03-29 21:34:51.808788,0
2025-03-29 21:34:51.904439,0
2025-03-29 21:34:51.995844,0
2025-03-29 21:34:52.102102,0
2025-03-29 21:34:52.226326,0
2025-03-29 21:34:52.324239,0
2025-03-29 21:34:52.442430,0
2025-03-29 21:34:52.549576,0
2025-03-29 21:34:52.659384,0
2025-03-29 21:34:52.784206,0
2025-03-29 21:34:52.871503,0
2025-03-29 21:34:52.972748,0
2025-03-29 21:34:53.079653,0
2025-03-29 21:34:53.180880,0
2025-03-29 21:34:53.294437,0
2025-03-29 21:34:53.405775,0
2025-03-29 21:34:53.532620,0
2025-03-29 21:34:53.685764,0
2025-03-29 21:34:53.792714,0
2025-03-29 21:34:53.919667,0
2025-03-29 21:34:54.036165,0
2025-03-29 21:34:54.133173,0
2025-03-29 21:34:54.271120,0
2025-03-29 21:34:54.381154,0
2025-03-29 21:34:54.498179,0
2025-03-29 21:34:54.609267,0
2025-03-29 21:34:54.699229,0
2025-03-29 21:34:54.800293,0
2025-03-29 21:34:54.919543,0
2025-03-29 21:34:55.027222,0
2025-03-29 21:34:55.125942,0
2025-03-29 21:34:55.242281,0
2025-03-29 21:34:55.351005,0
2025-03-29 21:34:55.450426,0
2025-03-29 21:34:55.569641,0
2025-03-29 21:34:55.659608,0
2025-03-29 21:34:55.759403,0
2025-03-29 21:34:55.910930,0
2025-03-29 21:34:56.007777,0
2025-03-29 21:34:56.110798,0
2025-03-29 21:34:56.219721,0
2025-03-29 21:34:56.309627,0
2025-03-29 21:34:56.415672,0
2025-03-29 21:34:56.525172,0
2025-03-29 21:34:56.619322,0
2025-03-29 21:34:56.720949,0
2025-03-29 21:34:56.841810,0
2025-03-29 21:34:56.952484,0
2025-03-29 21:34:57.050538,0
2025-03-29 21:34:57.159445,0
2025-03-29 21:34:57.283755,0
2025-03-29 21:34:57.399695,0
2025-03-29 21:34:57.500959,0
2025-03-29 21:34:57.600656,0
2025-03-29 21:34:57.749230,0
2025-03-29 21:34:57.861291,0
2025-03-29 21:34:58.009401,0
2025-03-29 21:34:58.144490,0
2025-03-29 21:34:58.240157,0
2025-03-29 21:34:58.397146,0
2025-03-29 21:34:58.504406,0
2025-03-29 21:34:58.602323,0
2025-03-29 21:34:58.733616,0
2025-03-29 21:34:58.829580,0
2025-03-29 21:34:58.922634,0
2025-03-29 21:34:59.019892,0
2025-03-29 21:34:59.141174,0
2025-03-29 21:34:59.243408,0
2025-03-29 21:34:59.363958,0
2025-03-29 21:34:59.456345,0
2025-03-29 21:34:59.564987,0
2025-03-29 21:34:59.660251,0
2025-03-29 21:34:59.767314,0
2025-03-29 21:34:59.856131,0
2025-03-29 21:34:59.954956,0
2025-03-29 21:35:00.071702,0
2025-03-29 21:35:00.164323,0
2025-03-29 21:35:00.269597,0
2025-03-29 21:35:00.370126,0
2025-03-29 21:35:00.470568,0
2025-03-29 21:35:00.559608,0
2025-03-29 21:35:00.672845,0
2025-03-29 21:35:00.775204,0
2025-03-29 21:35:00.883004,0
2025-03-29 21:35:01.005973,0
2025-03-29 21:35:01.106514,0
2025-03-29 21:35:01.189490,0
2025-03-29 21:35:01.319476,0
2025-03-29 21:35:01.429666,0
2025-03-29 21:35:01.533471,0
2025-03-29 21:35:01.640649,0
2025-03-29 21:35:01.806807,0
2025-03-29 21:35:01.922413,0
2025-03-29 21:35:02.069443,0
2025-03-29 21:35:02.165731,0
2025-03-29 21:35:02.277533,0
2025-03-29 21:35:02.404835,0
2025-03-29 21:35:02.532697,0
2025-03-29 21:35:02.632656,0
2025-03-29 21:35:02.796280,0
2025-03-29 21:35:02.895942,0
2025-03-29 21:35:03.012342,0
2025-03-29 21:35:03.137847,0
2025-03-29 21:35:03.240568,0
2025-03-29 21:35:03.355724,0
2025-03-29 21:35:03.449578,0
2025-03-29 21:35:03.564674,0
2025-03-29 21:35:03.672573,0
2025-03-29 21:35:03.765324,0
2025-03-29 21:35:03.870762,0
2025-03-29 21:35:03.961780,0
2025-03-29 21:35:04.061142,0
2025-03-29 21:35:04.179615,0
2025-03-29 21:35:04.270987,0
2025-03-29 21:35:04.359588,0
2025-03-29 21:35:04.499621,0
2025-03-29 21:35:04.611337,0
2025-03-29 21:35:04.719597,0
2025-03-29 21:35:04.850947,0
2025-03-29 21:35:04.956869,0
2025-03-29 21:35:05.050567,0
2025-03-29 21:35:05.181819,0
2025-03-29 21:35:05.291122,0
2025-03-29 21:35:05.389601,0
2025-04-04 17:43:25.230477,0
2025-04-04 17:43:25.396694,0
2025-04-04 17:43:25.452802,0
2025-04-04 17:43:25.496532,0
2025-04-04 17:43:25.537629,0
2025-04-04 17:43:25.583786,0
2025-04-04 17:43:25.620385,0
2025-04-04 17:43:25.673946,0
2025-04-04 17:43:25.717998,0
2025-04-04 17:43:25.768230,0
2025-04-04 17:43:25.820483,0
2025-04-04 17:43:25.857023,0
2025-04-04 17:43:25.898202,0
2025-04-04 17:43:25.944343,0
2025-04-04 17:43:25.983289,0
2025-04-04 17:43:26.043746,0
2025-04-04 17:43:26.083899,0
2025-04-04 17:43:26.121673,0
2025-04-04 17:43:26.166835,0
2025-04-04 17:43:26.217799,0
2025-04-04 17:43:26.264852,0
2025-04-04 17:43:26.302313,0
2025-04-04 17:43:26.342579,0
2025-04-04 17:43:26.387972,0
2025-04-04 17:43:26.438458,0
2025-04-04 17:43:26.483458,0
2025-04-04 17:43:26.518004,0
2025-04-04 17:43:26.559031,0
2025-04-04 17:43:26.641366,0
2025-04-04 17:43:26.696519,0
2025-04-04 17:43:26.734787,0
2025-04-04 17:43:26.798237,0
2025-04-04 17:43:26.836102,0
2025-04-04 17:43:26.901507,0
2025-04-04 17:43:26.968564,0
2025-04-04 17:43:27.017200,0
2025-04-04 17:43:27.050529,0
2025-04-04 17:43:27.104987,0
2025-04-04 17:43:27.151878,0
2025-04-04 17:43:27.191042,0
2025-04-04 17:43:27.235154,0
2025-04-04 17:43:27.287472,0
2025-04-04 17:43:27.332159,0
2025-04-04 17:43:27.390866,0
2025-04-04 17:43:27.450609,0
2025-04-04 17:43:27.497037,0
2025-04-04 17:43:27.560044,0
2025-04-04 17:43:27.610594,0
2025-04-04 17:43:27.649761,0
2025-04-04 17:43:27.698054,0
2025-04-04 17:43:27.779217,0
2025-04-04 17:43:27.829895,0
2025-04-04 17:43:27.873236,0
2025-04-04 17:43:27.916208,0
2025-04-04 17:43:27.961941,0
2025-04-04 17:43:28.014075,0
2025-04-04 17:43:28.050368,0
2025-04-04 17:43:28.102625,0
2025-04-04 17:43:28.150880,0
2025-04-04 17:43:28.189221,0
2025-04-04 17:43:28.230848,0
2025-04-04 17:43:28.278826,0
2025-04-04 17:43:28.326975,0
2025-04-04 17:43:28.363207,0
2025-04-04 17:43:28.409145,0
2025-04-04 17:43:28.451189,0
2025-04-04 17:43:28.516293,0
2025-04-04 17:43:28.568759,0
2025-04-04 17:43:28.611011,0
2025-04-04 17:43:28.658736,0
2025-04-04 17:43:28.700056,0
2025-04-04 17:43:28.749355,0
2025-04-04 17:43:28.820638,0
2025-04-04 17:43:28.868739,0
2025-04-04 17:43:28.916283,0
2025-04-04 17:43:28.955857,0
2025-04-04 17:43:29.022491,0
2025-04-04 17:43:29.068107,0
2025-04-04 17:43:29.103647,0
2025-04-04 17:43:29.156807,0
2025-04-04 17:43:29.200289,0
2025-04-04 17:43:29.234758,0
2025-04-04 17:43:29.291109,0
2025-04-04 17:43:29.344372,0
2025-04-04 17:43:29.380500,0
2025-04-04 17:43:29.426195,0
2025-04-04 17:43:29.463829,0
2025-04-04 17:43:29.516771,0
2025-04-04 17:43:29.563371,0
2025-04-04 17:43:29.610246,0
2025-04-04 17:43:29.651556,0
2025-04-04 17:43:29.694663,0
2025-04-04 17:43:29.735952,0
2025-04-04 17:43:29.780323,0
2025-04-04 17:43:29.819501,0
2025-04-04 17:43:29.863226,0
2025-04-04 17:43:29.903964,0
2025-04-04 17:43:29.948877,0
2025-04-04 17:43:29.992636,0
2025-04-04 17:43:30.049071,0
2025-04-04 17:43:30.115868,0
2025-04-04 17:43:30.173920,0
2025-04-04 17:43:30.215975,0
2025-04-04 17:43:30.263384,0
2025-04-04 17:43:30.312650,0
2025-04-04 17:43:30.354611,0
2025-04-04 17:43:30.397273,0
2025-04-04 17:43:30.439816,0
2025-04-04 17:43:30.482850,0
2025-04-04 17:43:30.530367,0
2025-04-04 17:43:30.603158,0
2025-04-04 17:43:30.642650,0
2025-04-04 17:43:30.691097,0
2025-04-04 17:43:30.730405,0
2025-04-04 17:43:30.770052,0
2025-04-04 17:43:30.817511,0
2025-04-04 17:43:30.849565,0
2025-04-04 17:43:30.902073,0
2025-04-04 17:43:30.979274,0
2025-04-04 17:43:31.025687,0
2025-04-04 17:43:31.074271,0
2025-04-04 17:43:31.118835,0
2025-04-04 17:43:31.187124,0
2025-04-04 17:43:31.250217,0
2025-04-04 17:43:31.329083,0
2025-04-04 17:43:31.405375,0
2025-04-04 17:43:31.463259,0
2025-04-04 17:43:31.501458,0
2025-04-04 17:43:31.607818,0
2025-04-04 17:43:31.651728,0
2025-04-04 17:43:31.684249,0
2025-04-04 17:43:31.764184,0
2025-04-04 17:43:31.880645,0
2025-04-04 17:43:31.945430,0
2025-04-04 17:43:31.995371,0
2025-04-04 17:43:32.054758,0
2025-04-04 17:43:32.112378,0
2025-04-04 17:43:32.166983,0
2025-04-04 17:43:32.221877,0
2025-04-04 17:43:32.267581,0
2025-04-04 17:43:32.313602,0
2025-04-04 17:43:32.354399,0
2025-04-04 17:43:32.490101,0
2025-04-04 17:43:32.534399,0
2025-04-04 17:43:32.569317,0
2025-04-04 17:43:32.608988,0
2025-04-04 17:43:32.761248,0
2025-04-04 17:43:32.813860,0
2025-04-04 17:43:32.864376,0
2025-04-04 17:43:32.914352,0
2025-04-04 17:43:32.961705,0
2025-04-04 17:43:33.001313,0
2025-04-04 17:43:33.131134,0
2025-04-04 17:43:33.172633,0
2025-04-04 17:43:33.216966,0
2025-04-04 17:43:33.265681,0
2025-04-04 17:43:33.376643,0
2025-04-04 17:43:33.430263,0
2025-04-04 17:43:33.492415,0
2025-04-04 17:43:33.550266,0
2025-04-04 17:43:33.597601,0
2025-04-04 17:43:33.640980,0
2025-04-04 17:43:33.689173,0
2025-04-04 17:43:33.747703,0
2025-04-04 17:43:33.789093,0
2025-04-04 17:43:33.855022,0
2025-04-04 17:43:33.916898,0
2025-04-04 17:43:33.961706,0
2025-04-04 17:43:34.001709,0
2025-04-04 17:43:34.099785,0
2025-04-04 17:43:34.139781,0
2025-04-04 17:43:34.178566,0
2025-04-04 17:43:34.219937,0
2025-04-04 17:43:34.266412,0
2025-04-04 17:43:34.350328,0
2025-04-04 17:43:34.418766,0
2025-04-04 17:43:34.464035,0
2025-04-04 17:43:34.507742,0
2025-04-04 17:43:34.612875,0
2025-04-04 17:43:34.661036,0
2025-04-04 17:43:34.700057,0
2025-04-04 17:43:34.756715,0
2025-04-04 17:43:34.797550,0
2025-04-04 17:43:34.851244,0
2025-04-04 17:43:34.897901,0
2025-04-04 17:43:34.936847,0
2025-04-04 17:43:35.025114,0
2025-04-04 17:43:35.102420,0
2025-04-04 17:43:35.181704,0
2025-04-04 17:43:35.242894,0
2025-04-04 17:43:35.282826,0
2025-04-04 17:43:35.319481,0
2025-04-04 17:43:35.363384,0
2025-04-04 17:43:35.494558,0
2025-04-04 17:43:35.546951,0
2025-04-04 17:43:35.605164,0
2025-04-04 17:43:35.649574,0
2025-04-04 17:43:35.721573,0
2025-04-04 17:43:35.771402,0
2025-04-04 17:43:35.807811,0
2025-04-04 17:43:35.871134,0
2025-04-04 17:43:35.933640,0
2025-04-04 17:43:35.986938,0
2025-04-04 17:43:36.026885,0
2025-04-04 17:43:36.076347,0
2025-04-04 17:43:36.120755,0
2025-04-04 17:43:36.250547,0
2025-04-04 17:43:36.305155,0
2025-04-04 17:43:36.351132,0
2025-04-04 17:43:36.400954,0
2025-04-04 17:43:36.446893,0
2025-04-04 17:43:36.483634,0
2025-04-04 17:43:36.520822,0
2025-04-04 17:43:36.571914,0
2025-04-04 17:43:36.617074,0
2025-04-04 17:43:36.731235,0
2025-04-04 17:43:36.765797,0
2025-04-04 17:43:36.831389,0
2025-04-04 17:43:36.881044,0
2025-04-04 17:43:37.003959,0
2025-04-04 17:43:37.049365,0
2025-04-04 17:43:37.109571,0
2025-04-04 17:43:37.147364,0
2025-04-04 17:43:37.187482,0
2025-04-04 17:43:37.245141,0
2025-04-04 17:43:37.347798,0
2025-04-04 17:43:37.408167,0
2025-04-04 17:43:37.455005,0
2025-04-04 17:43:37.502067,0
2025-04-04 17:43:37.608208,0
2025-04-04 17:43:37.650751,0
2025-04-04 17:43:37.697695,0
2025-04-04 17:43:37.735574,0
2025-04-04 17:43:37.797007,0
2025-04-04 17:43:37.839939,0
2025-04-04 17:43:37.876952,0
2025-04-04 17:43:37.930145,0
2025-04-04 17:43:37.966864,0
2025-04-04 17:43:38.123112,0
2025-04-04 17:43:38.165541,0
2025-04-04 17:43:38.229228,0
2025-04-04 17:43:38.282695,0
2025-04-04 17:43:38.330368,0
2025-04-04 17:43:38.381086,0
2025-04-04 17:43:38.478696,0
2025-04-04 17:43:38.547104,0
2025-04-04 17:43:38.632470,0
2025-04-04 17:43:38.705925,0
2025-04-04 17:43:38.782034,0
2025-04-04 17:43:38.858211,0
2025-04-04 17:43:38.904453,0
2025-04-04 17:43:38.964313,0
2025-04-04 17:43:39.029071,0
2025-04-04 17:43:39.102509,0
2025-04-04 17:43:39.141996,0
2025-04-04 17:43:39.182313,0
2025-04-04 17:43:39.230235,0
2025-04-04 17:43:39.267871,0
2025-04-04 17:43:39.350987,0
2025-04-04 17:43:39.405086,0
2025-04-04 17:43:39.453219,0
2025-04-04 17:43:39.499567,0
2025-04-04 17:43:39.607577,0
2025-04-04 17:43:39.653319,0
2025-04-04 17:43:39.699973,0
2025-04-04 17:43:39.743994,0
2025-04-04 17:43:39.783022,0
2025-04-04 17:43:39.830827,0
2025-04-04 17:43:39.872674,0
2025-04-04 17:43:39.903054,0
2025-04-04 17:43:39.953640,0
2025-04-04 17:43:40.007738,0
2025-04-04 17:43:40.052960,0
2025-04-04 17:43:40.092539,0
2025-04-04 17:43:40.136139,0
2025-04-04 17:43:40.214438,0
2025-04-04 17:43:40.254922,0
2025-04-04 17:43:40.303991,0
2025-04-04 17:43:40.344587,0
2025-04-04 17:43:40.392022,0
2025-04-04 17:43:40.458610,0
2025-04-04 17:43:40.516163,0
2025-04-04 17:43:40.569526,0
2025-04-04 17:43:40.608810,0
2025-04-04 17:43:40.741850,0
2025-04-04 17:43:40.815728,0
2025-04-04 17:43:40.904289,0
2025-04-04 17:43:40.980401,0
2025-04-04 17:43:41.019265,0
2025-04-04 17:43:41.091147,0
2025-04-04 17:43:41.141902,0
2025-04-04 17:43:41.187764,0
2025-04-04 17:43:41.219453,0
2025-04-04 17:43:41.350942,0
2025-04-04 17:43:41.400084,0
2025-04-04 17:43:41.443248,0
2025-04-04 17:43:41.489946,0
2025-04-04 17:43:41.530785,0
2025-04-04 17:43:41.580266,0
2025-04-04 17:43:41.626018,0
2025-04-04 17:43:41.667347,0
2025-04-04 17:43:41.718011,0
2025-04-04 17:43:41.780498,0
2025-04-04 17:43:41.837394,0
2025-04-04 17:43:41.876776,0
2025-04-04 17:43:41.920273,0
2025-04-04 17:43:41.980149,0
2025-04-04 17:43:42.021491,0
2025-04-04 17:43:42.074555,0
2025-04-04 17:43:42.118133,0
2025-04-04 17:43:42.168964,0
2025-04-04 17:43:42.203338,0
2025-04-04 17:43:42.344847,0
2025-04-04 17:43:42.399820,0
2025-04-04 17:43:42.447829,0
2025-04-04 17:43:42.690575,0
2025-04-04 17:43:42.760063,0
2025-04-04 17:43:42.841449,0
2025-04-04 17:43:42.904717,0
2025-04-04 17:43:42.948094,0
2025-04-04 17:43:43.004642,0
2025-04-04 17:43:43.050236,0
2025-04-04 17:43:43.104896,0
2025-04-04 17:43:43.218487,0
2025-04-04 17:43:43.292182,0
2025-04-04 17:43:43.342582,0
2025-04-04 17:43:43.405019,0
2025-04-04 17:43:43.471201,0
2025-04-04 17:43:43.519183,0
2025-04-04 17:43:43.584100,0
2025-04-04 17:43:43.633692,0
2025-04-04 17:43:43.686130,0
2025-04-04 17:43:43.752789,0
2025-04-04 17:43:43.815244,0
2025-04-04 17:43:43.884660,0
2025-04-04 17:43:43.939126,0
2025-04-04 17:43:43.997075,0
2025-04-04 17:43:44.080810,0
2025-04-04 17:43:44.138682,0
2025-04-04 17:43:44.201258,0
2025-04-04 17:43:44.285013,0
2025-04-04 17:43:44.351387,0
2025-04-04 17:43:44.474923,0
2025-04-04 17:43:44.533310,0
2025-04-04 17:43:44.630977,0
2025-04-04 17:43:44.692046,0
2025-04-04 17:43:44.797603,0
2025-04-04 17:43:44.863702,0
2025-04-04 17:43:44.982253,0
2025-04-04 17:43:45.068293,0
2025-04-04 17:43:45.121928,0
2025-04-04 17:43:45.166585,0
2025-04-04 17:43:45.221639,0
2025-04-04 17:43:45.331795,0
2025-04-04 17:43:45.398047,0
2025-04-04 17:43:45.464017,0
2025-04-04 17:43:45.524901,0
2025-04-04 17:43:45.581513,0
2025-04-04 17:43:45.632339,0
2025-04-04 17:43:45.685742,0
2025-04-04 17:43:45.757469,0
2025-04-04 17:43:45.805715,0
2025-04-04 17:43:45.852108,0
2025-04-04 17:43:45.980104,0
2025-04-04 17:43:46.064413,0
2025-04-04 17:43:46.129659,0
2025-04-04 17:43:46.197833,0
2025-04-04 17:43:46.251199,0
2025-04-04 17:43:46.341937,0
2025-04-04 17:43:46.392864,0
2025-04-04 17:43:46.455192,0
2025-04-04 17:43:46.502184,0
2025-04-04 17:43:46.556744,0
2025-04-04 17:43:46.614448,0
2025-04-04 17:43:46.724828,0
2025-04-04 17:43:46.789377,0
2025-04-04 17:43:46.839447,0
2025-04-04 17:43:46.897408,0
2025-04-04 17:43:46.957557,0
2025-04-04 17:43:47.010836,0
2025-04-04 17:43:47.064213,0
2025-04-04 17:43:47.122289,0
2025-04-04 17:43:47.165234,0
2025-04-04 17:43:47.222430,0
2025-04-04 17:43:47.297957,0
2025-04-04 17:43:47.384196,0
2025-04-04 17:43:47.464664,0
2025-04-04 17:43:47.549342,0
2025-04-04 17:43:47.614155,0
2025-04-04 17:43:47.758180,0
2025-04-04 17:43:47.868132,0
2025-04-04 17:43:47.971125,0
2025-04-04 17:43:48.100907,0
2025-04-04 17:43:48.201931,0
2025-04-04 17:43:48.334458,0
2025-04-04 17:43:48.453327,0
2025-04-04 17:43:48.566342,0
2025-04-04 17:43:48.682120,0
2025-04-04 17:43:48.784515,0
2025-04-04 17:43:48.897504,0
2025-04-04 17:43:49.021401,0
2025-04-04 17:43:49.124270,0
2025-04-04 17:43:49.223737,0
2025-04-04 17:43:49.334042,0
2025-04-04 17:43:49.455203,0
2025-04-04 17:43:49.572961,0
2025-04-04 17:43:49.679828,0
2025-04-04 17:43:49.794380,0
2025-04-04 17:43:49.919925,0
2025-04-04 17:43:50.018566,0
2025-04-04 17:43:50.134510,0
2025-04-04 17:43:50.265808,0
2025-04-04 17:43:50.377934,0
2025-04-04 17:43:50.481651,0
2025-04-04 17:43:50.599462,0
2025-04-04 17:43:50.715782,0
2025-04-04 17:43:50.822407,0
2025-04-04 17:43:50.920245,0
2025-04-04 17:43:51.021357,0
2025-04-04 17:43:51.121952,0
2025-04-04 17:43:51.233263,0
2025-04-04 17:43:51.349899,0
2025-04-04 17:43:51.466585,0
2025-04-04 17:43:51.582800,0
2025-04-04 17:43:51.695423,0
2025-04-04 17:43:51.790776,0
2025-04-04 17:43:51.895722,0
2025-04-04 17:43:51.987766,0
2025-04-04 17:43:52.093734,0
2025-04-04 17:43:52.203151,0
2025-04-04 17:43:52.321225,0
2025-04-04 17:43:52.421108,0
2025-04-04 17:43:52.549216,0
2025-04-04 17:43:52.654823,0
2025-04-04 17:43:52.737978,0
2025-04-04 17:43:52.841217,0
2025-04-04 17:43:52.951491,0
2025-04-04 17:43:53.063652,0
2025-04-04 17:43:53.164144,0
2025-04-04 17:43:53.265346,0
2025-04-04 17:43:53.368008,0
2025-04-04 17:43:53.468207,0
2025-04-04 17:43:53.581553,0
2025-04-04 17:43:53.683492,0
2025-04-04 17:43:53.797971,0
2025-04-04 17:43:53.919955,0
2025-04-04 17:43:54.033462,0
2025-04-04 17:43:54.147904,0
2025-04-04 17:43:54.261002,0
2025-04-04 17:43:54.369179,0
2025-04-04 17:43:54.480051,0
2025-04-04 17:43:54.598528,0
2025-04-04 17:43:54.706615,0
2025-04-04 17:43:54.786090,0
2025-04-04 17:43:54.918985,0
2025-04-04 17:43:55.014426,0
2025-04-04 17:43:55.124049,0
2025-04-04 17:43:55.237368,0
2025-04-04 17:43:55.354587,0
2025-04-04 17:43:55.483095,0
2025-04-04 17:43:55.609436,0
2025-04-04 17:43:55.739606,0
2025-04-04 17:43:55.854530,0
2025-04-04 17:43:55.948600,0
2025-04-04 17:43:56.069280,0
2025-04-04 17:43:56.169826,0
2025-04-04 17:43:56.286654,0
2025-04-04 17:43:56.395378,0
2025-04-04 17:43:56.519355,0
2025-04-04 17:43:56.627004,0
2025-04-04 17:43:56.733929,0
2025-04-04 17:43:56.832607,0
2025-04-04 17:43:56.932562,0
2025-04-04 17:43:57.034925,0
2025-04-04 17:43:57.140702,0
2025-04-04 17:43:57.250611,0
2025-04-04 17:43:57.351490,0
2025-04-04 17:43:57.450249,0
2025-04-04 17:43:57.565206,0
2025-04-04 17:43:57.675040,0
2025-04-04 17:43:57.768067,0
2025-04-04 17:43:57.852086,0
2025-04-04 17:43:57.963931,0
2025-04-04 17:43:58.050669,0
2025-04-04 17:43:58.164033,0
2025-04-04 17:43:58.256970,0
2025-04-04 17:43:58.364675,0
2025-04-04 17:43:58.480641,0
2025-04-04 17:43:58.582595,0
2025-04-04 17:43:58.691962,0
2025-04-04 17:43:58.780843,0
2025-04-04 17:43:58.877138,0
2025-04-04 17:43:59.036723,0
2025-04-04 17:43:59.159983,0
2025-04-04 17:43:59.268455,0
2025-04-04 17:43:59.363027,0
2025-04-04 17:43:59.465002,0
2025-04-04 17:43:59.558401,0
2025-04-04 17:43:59.666733,0
2025-04-04 17:43:59.753734,0
2025-04-04 17:43:59.837343,0
2025-04-04 17:43:59.920084,0
2025-04-04 17:44:00.012851,0
2025-04-04 17:44:00.114492,0
2025-04-04 17:44:00.213920,0
2025-04-04 17:44:00.307335,0
2025-04-04 17:44:00.397296,0
2025-04-04 17:44:00.474605,0
2025-04-04 17:44:00.581277,0
2025-04-04 17:44:00.676130,0
2025-04-04 17:44:00.771156,0
2025-04-04 17:44:00.853283,0
2025-04-04 17:44:00.957877,0
2025-04-04 17:44:01.043310,0
2025-04-04 17:44:01.135998,0
2025-04-04 17:44:01.233130,0
2025-04-04 17:44:01.340707,0
2025-04-04 17:44:01.445297,0
2025-04-04 17:44:01.556392,0
2025-04-04 17:44:01.650597,0
2025-04-04 17:44:01.749555,0
2025-04-04 17:44:01.850100,0
2025-04-04 17:44:01.941043,0
2025-04-04 17:44:02.034080,0
2025-04-04 17:44:02.120938,0
2025-04-04 17:44:02.210304,0
2025-04-04 17:44:02.297072,0
2025-04-04 17:44:02.393826,0
2025-04-04 17:44:02.471131,0
2025-04-04 17:44:02.560386,0
2025-04-04 17:44:02.650297,0
2025-04-04 17:44:02.749865,0
2025-04-04 17:44:02.849103,0
2025-04-04 17:44:02.935119,0
2025-04-04 17:44:03.008290,0
2025-04-04 17:44:03.097438,0
2025-04-04 17:44:03.188892,0
2025-04-04 17:44:03.300342,0
2025-04-04 17:44:03.419231,0
2025-04-04 17:44:03.534512,0
2025-04-04 17:44:03.650211,0
2025-04-04 17:44:03.773038,0
2025-04-04 17:44:03.889412,0
2025-04-04 17:44:04.005234,0
2025-04-04 17:44:04.127794,0
2025-04-04 17:44:04.227685,0
2025-04-04 17:44:04.345801,0
2025-04-04 17:44:04.450524,0
2025-04-04 17:44:04.564251,0
2025-04-04 17:44:04.654398,0
2025-04-04 17:44:04.756299,0
2025-04-04 17:44:04.851356,0
2025-04-04 17:44:04.960103,0
2025-04-04 17:44:05.069049,0
2025-04-04 17:44:05.180671,0
2025-04-04 17:44:05.280837,0
2025-04-04 17:44:05.370941,0
2025-04-04 17:44:05.472474,0
2025-04-04 17:44:05.564465,0
2025-04-04 17:44:05.687179,0
2025-04-04 17:44:05.818209,0
2025-04-04 17:44:05.922462,0
2025-04-04 17:44:06.044550,0
2025-04-04 17:44:06.150955,0
2025-04-04 17:44:06.254928,0
2025-04-04 17:44:06.347251,0
2025-04-04 17:44:06.442556,0
2025-04-04 17:44:06.541083,0
2025-04-04 17:44:06.634758,0
2025-04-04 17:44:06.738548,0
2025-04-04 17:44:06.848395,0
2025-04-04 17:44:06.942638,0
2025-04-04 17:44:07.053713,0
2025-04-04 17:44:07.164757,0
2025-04-04 17:44:07.284294,0
2025-04-04 17:44:07.397453,0
2025-04-04 17:44:07.520006,0
2025-04-04 17:44:07.626342,0
2025-04-04 17:44:07.731229,0
2025-04-04 17:44:07.831165,0
2025-04-04 17:44:07.949394,0
2025-04-04 17:44:08.063057,0
2025-04-04 17:44:08.170987,0
2025-04-04 17:44:08.280667,0
2025-04-04 17:44:08.379690,0
2025-04-04 17:44:08.486061,0
2025-04-04 17:44:08.630655,0
2025-04-04 17:44:08.753751,0
2025-04-04 17:44:08.868291,0
2025-04-04 17:44:08.966835,0
2025-04-04 17:44:09.085917,0
2025-04-04 17:44:09.188426,0
2025-04-04 17:44:09.319667,0
2025-04-04 17:44:09.414968,0
2025-04-04 17:44:09.521940,0
2025-04-04 17:44:09.633508,0
2025-04-04 17:44:09.752636,0
2025-04-04 17:44:09.854850,0
2025-04-04 17:44:09.971300,0
2025-04-04 17:44:10.085451,0
2025-04-04 17:44:10.200162,0
2025-04-04 17:44:10.308218,0
2025-04-04 17:44:10.437532,0
2025-04-04 17:44:10.537256,0
2025-04-04 17:44:10.651127,0
2025-04-04 17:44:10.762760,0
2025-04-04 17:44:10.879275,0
2025-04-04 17:44:10.993044,0
2025-04-04 17:44:11.089960,0
2025-04-04 17:44:11.201955,0
2025-04-04 17:44:11.326302,0
2025-04-04 17:44:11.448373,0
2025-04-04 17:44:11.537623,0
2025-04-04 17:44:11.660294,0
2025-04-04 17:44:11.765762,0
2025-04-04 17:44:11.857996,0
2025-04-04 17:44:11.966561,0
2025-04-04 17:44:12.098835,0
2025-04-04 17:44:12.202951,0
2025-04-04 17:44:12.299918,0
2025-04-04 17:44:12.413457,0
2025-04-04 17:44:12.514179,0
2025-04-04 17:44:12.648095,0
2025-04-04 17:44:12.766828,0
2025-04-04 17:44:12.866788,0
2025-04-04 17:44:12.971507,0
2025-04-04 17:44:13.086435,0
2025-04-04 17:44:13.202129,0
2025-04-04 17:44:13.315526,0
2025-04-04 17:44:13.434488,0
2025-04-04 17:44:13.556589,0
2025-04-04 17:44:13.666205,0
2025-04-04 17:44:13.786720,0
2025-04-04 17:44:13.901122,0
2025-04-04 17:44:14.004489,0
2025-04-04 17:44:14.098954,0
2025-04-04 17:44:14.214361,0
2025-04-04 17:44:14.320441,0
2025-04-04 17:44:14.437714,0
2025-04-04 17:44:14.547784,0
2025-04-04 17:44:14.671310,0
2025-04-04 17:44:14.801544,0
2025-04-04 17:44:14.928385,0
2025-04-04 17:44:15.047643,0
2025-04-04 17:44:15.161414,0
2025-04-04 17:44:15.259813,0
2025-04-04 17:44:15.371398,0
2025-04-04 17:44:15.481784,0
2025-04-04 17:44:15.582061,0
2025-04-04 17:44:15.690998,0
2025-04-04 17:44:15.821695,0
2025-04-04 17:44:15.928936,0
2025-04-04 17:44:16.027323,0
2025-04-04 17:44:16.138100,0
2025-04-04 17:44:16.250963,0
2025-04-04 17:44:16.371902,0
2025-04-04 17:44:16.514954,0
2025-04-04 17:44:16.637853,0
2025-04-04 17:44:16.750650,0
2025-04-04 17:44:16.889440,0
2025-04-04 17:44:17.012098,0
2025-04-04 17:44:17.126563,0
2025-04-04 17:44:17.227561,0
2025-04-04 17:44:17.338248,0
2025-04-04 17:44:17.457420,0
2025-04-04 17:44:17.572571,0
2025-04-04 17:44:17.708120,0
2025-04-04 17:44:17.851348,0
2025-04-04 17:44:17.957246,0
2025-04-04 17:44:18.090924,0
2025-04-04 17:44:18.188963,0
2025-04-04 17:44:18.286012,0
2025-04-04 17:44:18.403273,0
2025-04-04 17:44:18.506971,0
2025-04-04 17:44:18.606196,0
2025-04-04 17:44:18.742194,0
2025-04-04 17:44:18.867644,0
2025-04-04 17:44:18.968727,0
2025-04-04 17:44:19.081078,0
2025-04-04 17:44:19.178562,0
2025-04-04 17:44:19.282536,0
2025-04-04 17:44:19.408423,0
2025-04-04 17:44:19.540709,0
2025-04-04 17:44:19.684521,0
2025-04-04 17:44:19.805224,0
2025-04-04 17:44:19.921281,0
2025-04-04 17:44:20.054677,0
2025-04-04 17:44:20.199016,0
2025-04-04 17:44:20.331444,0
2025-04-04 17:44:20.469934,0
2025-04-04 17:44:20.605671,0
2025-04-04 17:44:20.698389,0
2025-04-04 17:44:20.799704,0
2025-04-04 17:44:20.941411,0
2025-04-04 17:44:21.022987,0
2025-04-04 17:44:21.140517,0
2025-04-04 17:44:21.240141,0
2025-04-04 17:44:21.346413,0
2025-04-04 17:44:21.458965,0
2025-04-04 17:44:21.585577,0
2025-04-04 17:44:21.690422,0
2025-04-04 17:44:21.803406,0
2025-04-04 17:44:21.931227,0
2025-04-04 17:44:22.031512,0
2025-04-04 17:44:22.140469,0
2025-04-04 17:44:22.270825,0
2025-04-04 17:44:22.394389,0
2025-04-04 17:44:22.507310,0
2025-04-04 17:44:22.609700,0
2025-04-04 17:44:22.703059,0
2025-04-04 17:44:22.849484,0
2025-04-04 17:44:22.953726,0
2025-04-04 17:44:23.065364,0
2025-04-04 17:44:23.172299,0
2025-04-04 17:44:23.288999,0
2025-04-04 17:44:23.413872,0
2025-04-04 17:44:23.523765,0
2025-04-04 17:44:23.637230,0
2025-04-04 17:44:23.756076,0
2025-04-04 17:44:23.881605,0
2025-04-04 17:44:23.974098,0
2025-04-04 17:44:24.063639,0
2025-04-04 17:44:24.170728,0
2025-04-04 17:44:24.289813,0
2025-04-04 17:44:24.415015,0
2025-04-04 17:44:24.538227,0
2025-04-04 17:44:24.669325,0
2025-04-04 17:44:24.789786,0
2025-04-04 17:44:24.914600,0
2025-04-04 17:44:25.028208,0
2025-04-04 17:44:25.159554,0
2025-04-04 17:44:25.270574,0
2025-04-04 17:44:25.376726,0
2025-04-04 17:44:25.495634,0
2025-04-04 17:44:25.621514,0
2025-04-04 17:44:25.731506,0
2025-04-04 17:44:25.847907,0
2025-04-04 17:44:25.977888,0
2025-04-04 17:44:26.085387,0
2025-04-04 17:44:26.215904,0
2025-04-04 17:44:26.317012,0
2025-04-04 17:44:26.432320,0
2025-04-04 17:44:26.551487,0
2025-04-04 17:44:26.676161,0
2025-04-04 17:44:26.789620,0
2025-04-04 17:44:26.912463,0
2025-04-04 17:44:27.018252,0
2025-04-04 17:44:27.151554,0
2025-04-04 17:44:27.279829,0
2025-04-04 17:44:27.394519,0
2025-04-04 17:44:27.500982,0
2025-04-04 17:44:27.623178,0
2025-04-04 17:44:27.725120,0
2025-04-04 17:44:27.822741,0
2025-04-04 17:44:27.955791,0
2025-04-04 17:44:28.064379,0
2025-04-04 17:44:28.200394,0
2025-04-04 17:44:28.310916,0
2025-04-04 17:44:28.423842,0
2025-04-04 17:44:28.565256,0
2025-04-04 17:44:28.683518,0
2025-04-04 17:44:28.781409,0
2025-04-04 17:44:28.887646,0
2025-04-04 17:44:28.997989,0
2025-04-04 17:44:29.113118,0
2025-04-04 17:44:29.235309,0
2025-04-04 17:44:29.357232,0
2025-04-04 17:44:29.467693,0
2025-04-04 17:44:29.596790,0
2025-04-04 17:44:29.709760,0
2025-04-04 17:44:29.807431,0
2025-04-04 17:44:29.904761,0
2025-04-04 17:44:30.001363,0
2025-04-04 17:44:30.102186,0
2025-04-04 17:44:30.222469,0
2025-04-04 17:44:30.375198,0
2025-04-04 17:44:30.496435,0
2025-04-04 17:44:30.631274,0
2025-04-04 17:44:30.747501,0
2025-04-04 17:44:30.851866,0
2025-04-04 17:44:30.961866,0
2025-04-04 17:44:31.064459,0
2025-04-04 17:44:31.178834,0
2025-04-04 17:44:31.304522,0
2025-04-04 17:44:31.404599,0
2025-04-04 17:44:31.533160,0
2025-04-04 17:44:31.655599,0
2025-04-04 17:44:31.762288,0
2025-04-04 17:44:31.889813,0
2025-04-04 17:44:31.998727,0
2025-04-04 17:44:32.115330,0
2025-04-04 17:44:32.233400,0
2025-04-04 17:44:32.340428,0
2025-04-04 17:44:32.434906,0
2025-04-04 17:44:32.583252,0
2025-04-04 17:44:32.701484,0
2025-04-04 17:44:32.801532,0
2025-04-04 17:44:32.933015,0
2025-04-04 17:44:33.043992,0
2025-04-04 17:44:33.155093,0
2025-04-04 17:44:33.271178,0
2025-04-04 17:44:33.364707,0
2025-04-04 17:44:33.481070,0
2025-04-04 17:44:33.646078,0
2025-04-04 17:44:33.769346,0
2025-04-04 17:44:33.890358,0
2025-04-04 17:44:34.011552,0
2025-04-04 17:44:34.136437,0
2025-04-04 17:44:34.253676,0
2025-04-04 17:44:34.387672,0
2025-04-04 17:44:34.511187,0
2025-04-04 17:44:34.618526,0
2025-04-04 17:44:34.730967,0
2025-04-04 17:44:34.859974,0
2025-04-04 17:44:34.977083,0
2025-04-04 17:44:35.087220,0
2025-04-04 17:44:35.203646,0
2025-04-04 17:44:35.306030,0
2025-04-04 17:44:35.427353,0
2025-04-04 17:44:35.530944,0
2025-04-04 17:44:35.662856,0
2025-04-04 17:44:35.771034,0
2025-04-04 17:44:35.882520,0
2025-04-04 17:44:35.997709,0
2025-04-04 17:44:36.101344,0
2025-04-04 17:44:36.207883,0
2025-04-04 17:44:36.316601,0
2025-04-04 17:44:36.423351,0
2025-04-04 17:44:36.554804,0
2025-04-04 17:44:36.666761,0
2025-04-04 17:44:36.820474,0
2025-04-04 17:44:36.943041,0
2025-04-04 17:44:37.072523,0
2025-04-04 17:44:37.181222,0
2025-04-04 17:44:37.285297,0
2025-04-04 17:44:37.417046,0
2025-04-04 17:44:37.522852,0
2025-04-04 17:44:37.633994,0
2025-04-04 17:44:37.746976,0
2025-04-04 17:44:37.835517,0
2025-04-04 17:44:37.950719,0
2025-04-04 17:44:38.065061,0
2025-04-04 17:44:38.152865,0
2025-04-04 17:44:38.258902,0
2025-04-04 17:44:38.396374,0
2025-04-04 17:44:38.511002,0
2025-04-04 17:44:38.630082,0
2025-04-04 17:44:38.782373,0
2025-04-04 17:44:38.905824,0
2025-04-04 17:44:39.003300,0
2025-04-04 17:44:39.129143,0
2025-04-04 17:44:39.248420,0
2025-04-04 17:44:39.348297,0
2025-04-04 17:44:39.465185,0
2025-04-04 17:44:39.573916,0
2025-04-04 17:44:39.669726,0
2025-04-04 17:44:39.758644,0
2025-04-04 17:44:39.880282,0
2025-04-04 17:44:39.990379,0
2025-04-04 17:44:40.143179,0
2025-04-04 17:44:40.251418,0
2025-04-04 17:44:40.366928,0
2025-04-04 17:44:40.468181,0
2025-04-04 17:44:40.582653,0
2025-04-04 17:44:40.698611,0
2025-04-04 17:44:40.817149,0
2025-04-04 17:44:40.921946,0
2025-04-04 17:44:41.034557,0
2025-04-04 17:44:41.152526,0
2025-04-04 17:44:41.278490,0
2025-04-04 17:44:41.388522,0
2025-04-04 17:44:41.550025,0
2025-04-04 17:44:41.654914,0
2025-04-04 17:44:41.755392,0
2025-04-04 17:44:41.879195,0
2025-04-04 17:44:41.982157,0
2025-04-04 17:44:42.095581,0
2025-04-04 17:44:42.218202,0
2025-04-04 17:44:42.331873,0
2025-04-04 17:44:42.426804,0
2025-04-04 17:44:42.549027,0
2025-04-04 17:44:42.651907,0
2025-04-04 17:44:42.761624,0
2025-04-04 17:44:42.881726,0
2025-04-04 17:44:43.015018,0
2025-04-04 17:44:43.120520,0
2025-04-04 17:44:43.261820,0
2025-04-04 17:44:43.411675,0
2025-04-04 17:44:43.521895,0
2025-04-04 17:44:43.644413,0
2025-04-04 17:44:43.753906,0
2025-04-04 17:44:43.843275,0
2025-04-04 17:44:43.981683,0
2025-04-04 17:44:44.082582,0
2025-04-04 17:44:44.189855,0
2025-04-04 17:44:44.314354,0
2025-04-04 17:44:44.419961,0
2025-04-04 17:44:44.533021,0
2025-04-04 17:44:44.641865,0
2025-04-04 17:44:44.737159,0
2025-04-04 17:44:44.851264,0
2025-04-04 17:44:44.971071,0
2025-04-04 17:44:45.080089,0
2025-04-04 17:44:45.198351,0
2025-04-04 17:44:45.324413,0
2025-04-04 17:44:45.437161,0
2025-04-04 17:44:45.545826,0
2025-04-04 17:44:45.656928,0
2025-04-04 17:44:45.764132,0
2025-04-04 17:44:45.873401,0
2025-04-04 17:44:45.999749,0
2025-04-04 17:44:46.106046,0
2025-04-04 17:44:46.229356,0
2025-04-04 17:44:46.346932,0
2025-04-04 17:44:46.455498,0
2025-04-04 17:44:46.565491,0
2025-04-04 17:44:46.679454,0
2025-04-04 17:44:46.835939,0
2025-04-04 17:44:46.964367,0
2025-04-04 17:44:47.080957,0
2025-04-04 17:44:47.188217,0
2025-04-04 17:44:47.300884,0
2025-04-04 17:44:47.416468,0
2025-04-04 17:44:47.519463,0
2025-04-04 17:44:47.646090,0
2025-04-04 17:44:47.756784,0
2025-04-04 17:44:47.872227,0
2025-04-04 17:44:48.006995,0
2025-04-04 17:44:48.129712,0
2025-04-04 17:44:48.251206,0
2025-04-04 17:44:48.369789,0
2025-04-04 17:44:48.474401,0
2025-04-04 17:44:48.574931,0
2025-04-04 17:44:48.682423,0
2025-04-04 17:44:48.790018,0
2025-04-04 17:44:48.889241,0
2025-04-04 17:44:49.018755,0
2025-04-04 17:44:49.115181,0
2025-04-04 17:44:49.228758,0
2025-04-04 17:44:49.349168,0
2025-04-04 17:44:49.439800,0
2025-04-04 17:44:49.538861,0
2025-04-04 17:44:49.651270,0
2025-04-04 17:44:49.758133,0
2025-04-04 17:44:49.901543,0
2025-04-04 17:44:50.036736,0
2025-04-04 17:44:50.152179,0
2025-04-04 17:44:50.264285,0
2025-04-04 17:44:50.394069,0
2025-04-04 17:44:50.515136,0
2025-04-04 17:44:50.618368,0
2025-04-04 17:44:50.728347,0
2025-04-04 17:44:50.838059,0
2025-04-04 17:44:50.964776,0
2025-04-04 17:44:51.075429,0
2025-04-04 17:44:51.182163,0
2025-04-04 17:44:51.292172,0
2025-04-04 17:44:51.399923,0
2025-04-04 17:44:51.506483,0
2025-04-04 17:44:51.606661,0
2025-04-04 17:44:51.748377,0
2025-04-04 17:44:51.849579,0
2025-04-04 17:44:51.952905,0
2025-04-04 17:44:52.077905,0
2025-04-04 17:44:52.212553,0
2025-04-04 17:44:52.338381,0
2025-04-04 17:44:52.470620,0
2025-04-04 17:44:52.588349,0
2025-04-04 17:44:52.704867,0
2025-04-04 17:44:52.820795,0
2025-04-04 17:44:52.963606,0
2025-04-04 17:44:53.083702,0
2025-04-04 17:44:53.184967,0
2025-04-04 17:44:53.290926,0
2025-04-04 17:44:53.418095,0
2025-04-04 17:44:53.539399,0
2025-04-04 17:44:53.646132,0
2025-04-04 17:44:53.735127,0
2025-04-04 17:44:53.851998,0
2025-04-04 17:44:53.935401,0
2025-04-04 17:44:54.038650,0
2025-04-04 17:44:54.149299,0
2025-04-04 17:44:54.259446,0
2025-04-04 17:44:54.367858,0
2025-04-04 17:44:54.505834,0
2025-04-04 17:44:54.624775,0
2025-04-04 17:44:54.731002,0
2025-04-04 17:44:54.873974,0
2025-04-04 17:44:54.985564,0
2025-04-04 17:44:55.096126,0
2025-04-04 17:44:55.225548,0
2025-04-04 17:44:55.315835,0
2025-04-04 17:44:55.422302,0
2025-04-04 17:44:55.548855,0
2025-04-04 17:44:55.660189,0
2025-04-04 17:44:55.758113,0
2025-04-04 17:44:55.860917,0
2025-04-04 17:44:56.018007,0
2025-04-04 17:44:56.126197,0
2025-04-04 17:44:56.251187,0
2025-04-04 17:44:56.351819,0
2025-04-04 17:44:56.462485,0
2025-04-04 17:44:56.568586,0
2025-04-04 17:44:56.693968,0
2025-04-04 17:44:56.785278,0
2025-04-04 17:44:56.931654,0
2025-04-04 17:44:57.026592,0
2025-04-04 17:44:57.134334,0
2025-04-04 17:44:57.231167,0
2025-04-04 17:44:57.338079,0
2025-04-04 17:44:57.432255,0
2025-04-04 17:44:57.557618,0
2025-04-04 17:44:57.674021,0
2025-04-04 17:44:57.773445,0
2025-04-04 17:44:57.903756,0
2025-04-04 17:44:58.001316,0
2025-04-04 17:44:58.117056,0
2025-04-04 17:44:58.221881,0
2025-04-04 17:44:58.326411,0
2025-04-04 17:44:58.436667,0
2025-04-04 17:44:58.553287,0
2025-04-04 17:44:58.690070,0
2025-04-04 17:44:58.805627,0
2025-04-04 17:44:58.921061,0
2025-04-04 17:44:59.036589,0
2025-04-04 17:44:59.147535,0
2025-04-04 17:44:59.282883,0
2025-04-04 17:44:59.387566,0
2025-04-04 17:44:59.489569,0
2025-04-04 17:44:59.595918,0
2025-04-04 17:44:59.711021,0
2025-04-04 17:44:59.811509,0
2025-04-04 17:44:59.943638,0
2025-04-04 17:45:00.046457,0
2025-04-04 17:45:00.155196,0
2025-04-04 17:45:00.269626,0
2025-04-04 17:45:00.382195,0
2025-04-04 17:45:00.494562,0
2025-04-04 17:45:00.608795,0
2025-04-04 17:45:00.737401,0
2025-04-04 17:45:00.857512,0
2025-04-04 17:45:00.973516,0
2025-04-04 17:45:01.084663,0
2025-04-04 17:45:01.234084,0
2025-04-04 17:45:01.399057,0
2025-04-04 17:45:01.518029,0
2025-04-04 17:45:01.644544,0
2025-04-04 17:45:01.760198,0
2025-04-04 17:45:01.872981,0
2025-04-04 17:45:01.988116,0
2025-04-04 17:45:02.084511,0
2025-04-04 17:45:02.190310,0
2025-04-04 17:45:02.306079,0
2025-04-04 17:45:02.419504,0
2025-04-04 17:45:02.522720,0
2025-04-04 17:45:02.663254,0
2025-04-04 17:45:02.777869,0
2025-04-04 17:45:02.915430,0
2025-04-04 17:45:03.030617,0
2025-04-04 17:45:03.143958,0
2025-04-04 17:45:03.282672,0
2025-04-04 17:45:03.406451,0
2025-04-04 17:45:03.534952,0
2025-04-04 17:45:03.656137,0
2025-04-04 17:45:03.755677,0
2025-04-04 17:45:03.913626,0
2025-04-04 17:45:04.059563,0
2025-04-04 17:45:04.184773,0
2025-04-04 17:45:04.299733,0
2025-04-04 17:45:04.409502,0
2025-04-04 17:45:04.510771,0
2025-04-04 17:45:04.627746,0
2025-04-04 17:45:04.737833,0
2025-04-04 17:45:04.836987,0
2025-04-04 17:45:04.949325,0
2025-04-04 17:45:05.064053,0
2025-04-04 17:45:05.182529,0
2025-04-04 17:45:05.258835,0
2025-04-04 17:45:05.315280,0
2025-04-04 17:45:05.384326,0
2025-04-04 17:45:05.484974,0
2025-04-04 17:45:05.553262,0
2025-04-04 17:45:05.618789,0
2025-04-04 17:45:05.715002,0
2025-04-04 17:45:05.777020,0
2025-04-04 17:45:05.836590,0
2025-04-04 17:45:05.891564,0
2025-04-04 17:45:05.963908,0
2025-04-04 17:45:06.014704,0
2025-04-04 17:45:06.064418,0
2025-04-04 17:45:06.136719,0
2025-04-04 17:45:06.257483,0
2025-04-04 17:45:06.337925,0
2025-04-04 17:45:06.395524,0
2025-04-04 17:45:06.466413,0
2025-04-04 17:45:06.527119,0
2025-04-04 17:45:06.587073,0
2025-04-04 17:45:06.640377,0
2025-04-04 17:45:06.717534,0
2025-04-04 17:45:06.769605,0
2025-04-04 17:45:06.847634,0
2025-04-04 17:45:06.896834,0
2025-04-04 17:45:06.966356,0
2025-04-04 17:45:07.043932,0
2025-04-04 17:45:07.083040,0
2025-04-04 17:45:07.145953,0
2025-04-04 17:45:07.226671,0
2025-04-04 17:45:07.273916,0
2025-04-04 17:45:07.324461,0
2025-04-04 17:45:07.371750,0
2025-04-04 17:45:07.462592,0
2025-04-04 17:45:07.507142,0
2025-04-04 17:45:07.570781,0
2025-04-04 17:45:07.615389,0
2025-04-04 17:45:07.673257,0
2025-04-04 17:45:07.721930,0
2025-04-04 17:45:07.832139,0
2025-04-04 17:45:07.873493,0
2025-04-04 17:45:07.932241,0
2025-04-04 17:45:07.980655,0
2025-04-04 17:45:08.094136,0
2025-04-04 17:45:08.146104,0
2025-04-04 17:45:08.194537,0
2025-04-04 17:45:08.282104,0
2025-04-04 17:45:08.342476,0
2025-04-04 17:45:08.480866,0
2025-04-04 17:45:08.548736,0
2025-04-04 17:45:08.606988,0
2025-04-04 17:45:08.682876,0
2025-04-04 17:45:08.754384,0
2025-04-04 17:45:08.854083,0
2025-04-04 17:45:08.908219,0
2025-04-04 17:45:08.956522,0
2025-04-04 17:45:09.001167,0
2025-04-04 17:45:09.055393,0
2025-04-04 17:45:09.106871,0
2025-04-04 17:45:09.220132,0
2025-04-04 17:45:09.288952,0
2025-04-04 17:45:09.340354,0
2025-04-04 17:45:09.395833,0
2025-04-04 17:45:09.460518,0
2025-04-04 17:45:09.506339,0
2025-04-04 17:45:09.558591,0
2025-04-04 17:45:09.616082,0
2025-04-04 17:45:09.671955,0
2025-04-04 17:45:09.738852,0
2025-04-04 17:45:09.830160,0
2025-04-04 17:45:09.881960,0
2025-04-04 17:45:09.940043,0
2025-04-04 17:45:10.004001,0
2025-04-04 17:45:10.094696,0
2025-04-04 17:45:10.141722,0
2025-04-04 17:45:10.190949,0
2025-04-04 17:45:10.239631,0
2025-04-04 17:45:10.336917,0
2025-04-04 17:45:10.382186,0
2025-04-04 17:45:10.432860,0
2025-04-04 17:45:10.503847,0
2025-04-04 17:45:10.561270,0
2025-04-04 17:45:10.617394,0
2025-04-04 17:45:10.675136,0
2025-04-04 17:45:10.737837,0
2025-04-04 17:45:10.791173,0
2025-04-04 17:45:10.833260,0
2025-04-04 17:45:10.951338,0
2025-04-04 17:45:10.996865,0
2025-04-04 17:45:11.048493,0
2025-04-04 17:45:11.119009,0
2025-04-04 17:45:11.209908,0
2025-04-04 17:45:11.271168,0
2025-04-04 17:45:11.351437,0
2025-04-04 17:45:11.415777,0
2025-04-04 17:45:11.462892,0
2025-04-04 17:45:11.505855,0
2025-04-04 17:45:11.579683,0
2025-04-04 17:45:11.618324,0
2025-04-04 17:45:11.680094,0
2025-04-04 17:45:11.751526,0
2025-04-04 17:45:11.827240,0
2025-04-04 17:45:11.868288,0
2025-04-04 17:45:11.916352,0
2025-04-04 17:45:11.966254,0
2025-04-04 17:45:12.017647,0
2025-04-04 17:45:12.069985,0
2025-04-04 17:45:12.105349,0
2025-04-04 17:45:12.163549,0
2025-04-04 17:45:12.209747,0
2025-04-04 17:45:12.330582,0
2025-04-04 17:45:12.377384,0
2025-04-04 17:45:12.420270,0
2025-04-04 17:45:12.462517,0
2025-04-04 17:45:12.515632,0
2025-04-04 17:45:12.582941,0
2025-04-04 17:45:12.625640,0
2025-04-04 17:45:12.681975,0
2025-04-04 17:45:12.732173,0
2025-04-04 17:45:12.822404,0
2025-04-04 17:45:12.873603,0
2025-04-04 17:45:12.919799,0
2025-04-04 17:45:12.972186,0
2025-04-04 17:45:13.083828,0
2025-04-04 17:45:13.119326,0
2025-04-04 17:45:13.176548,0
2025-04-04 17:45:13.231826,0
2025-04-04 17:45:13.283547,0
2025-04-04 17:45:13.332126,0
2025-04-04 17:45:13.452640,0
2025-04-04 17:45:13.502693,0
2025-04-04 17:45:13.556897,0
2025-04-04 17:45:13.603886,0
2025-04-04 17:45:13.723903,0
2025-04-04 17:45:13.767926,0
2025-04-04 17:45:13.822697,0
2025-04-04 17:45:13.867313,0
2025-04-04 17:45:13.915536,0
2025-04-04 17:45:13.957153,0
2025-04-04 17:45:14.083337,0
2025-04-04 17:45:14.122205,0
2025-04-04 17:45:14.171804,0
2025-04-04 17:45:14.243583,0
2025-04-04 17:45:14.321897,0
2025-04-04 17:45:14.500635,0
2025-04-04 17:45:14.557217,0
2025-04-04 17:45:14.620721,0
2025-04-04 17:45:14.665080,0
2025-04-04 17:45:14.708418,0
2025-04-04 17:45:14.821271,0
2025-04-04 17:45:14.875437,0
2025-04-04 17:45:14.932177,0
2025-04-04 17:45:14.993055,0
2025-04-04 17:45:15.082396,0
2025-04-04 17:45:15.131375,0
2025-04-04 17:45:15.183145,0
2025-04-04 17:45:15.232231,0
2025-04-04 17:45:15.275884,0
2025-04-04 17:45:15.325984,0
2025-04-04 17:45:15.443050,0
2025-04-04 17:45:15.486918,0
2025-04-04 17:45:15.527964,0
2025-04-04 17:45:15.589504,0
2025-04-04 17:45:15.628461,0
2025-04-04 17:45:15.675753,0
2025-04-04 17:45:15.720260,0
2025-04-04 17:45:15.794116,0
2025-04-04 17:45:15.849050,0
2025-04-04 17:45:15.959689,0
2025-04-04 17:45:16.034038,0
2025-04-04 17:45:16.096087,0
2025-04-04 17:45:16.143308,0
2025-04-04 17:45:16.215861,0
2025-04-04 17:45:16.261186,0
2025-04-04 17:45:16.311143,0
2025-04-04 17:45:16.351378,0
2025-04-04 17:45:16.392946,0
2025-04-04 17:45:16.436018,0
2025-04-04 17:45:16.478560,0
2025-04-04 17:45:16.525894,0
2025-04-04 17:45:16.572562,0
2025-04-04 17:45:16.689987,0
2025-04-04 17:45:16.749665,0
2025-04-04 17:45:16.797495,0
2025-04-04 17:45:16.845022,0
2025-04-04 17:45:16.884240,0
2025-04-04 17:45:16.951263,0
2025-04-04 17:45:17.002649,0
2025-04-04 17:45:17.051575,0
2025-04-04 17:45:17.094243,0
2025-04-04 17:45:17.190342,0
2025-04-04 17:45:17.236797,0
2025-04-04 17:45:17.283043,0
2025-04-04 17:45:17.343992,0
2025-04-04 17:45:17.402200,0
2025-04-04 17:45:17.445301,0
2025-04-04 17:45:17.498741,0
2025-04-04 17:45:17.746395,0
2025-04-04 17:45:17.866517,0
2025-04-04 17:45:17.942349,0
2025-04-04 17:45:18.012609,0
2025-04-04 17:45:18.082838,0
2025-04-04 17:45:18.125539,0
2025-04-04 17:45:18.212728,0
2025-04-04 17:45:18.306324,0
2025-04-04 17:45:18.397307,0
2025-04-04 17:45:18.474928,0
2025-04-04 17:45:18.556778,0
2025-04-04 17:45:18.608227,0
2025-04-04 17:45:18.669829,0
2025-04-04 17:45:18.770606,0
2025-04-04 17:45:18.865886,0
2025-04-04 17:45:18.925651,0
2025-04-04 17:45:18.987196,0
2025-04-04 17:45:19.065386,0
2025-04-04 17:45:19.111846,0
2025-04-04 17:45:19.155181,0
2025-04-04 17:45:19.199925,0
2025-04-04 17:45:19.315409,0
2025-04-04 17:45:19.363698,0
2025-04-04 17:45:19.416684,0
2025-04-04 17:45:19.499021,0
2025-04-04 17:45:19.591608,0
2025-04-04 17:45:19.651619,0
2025-04-04 17:45:19.708827,0
2025-04-04 17:45:19.756168,0
2025-04-04 17:45:19.817344,0
2025-04-04 17:45:19.883005,0
2025-04-04 17:45:19.927403,0
2025-04-04 17:45:19.974368,0
2025-04-04 17:45:20.020331,0
2025-04-04 17:45:20.073165,0
2025-04-04 17:45:20.136811,0
2025-04-04 17:45:20.184517,0
2025-04-04 17:45:20.236280,0
2025-04-04 17:45:20.286232,0
2025-04-04 17:45:20.339602,0
2025-04-04 17:45:20.451186,0
2025-04-04 17:45:20.530179,0
2025-04-04 17:45:20.576965,0
2025-04-04 17:45:20.616553,0
2025-04-04 17:45:20.699619,0
2025-04-04 17:45:20.741374,0
2025-04-04 17:45:20.788585,0
2025-04-04 17:45:20.828933,0
2025-04-04 17:45:20.877443,0
2025-04-04 17:45:20.939673,0
2025-04-04 17:45:20.983858,0
2025-04-04 17:45:21.030489,0
2025-04-04 17:45:21.081886,0
2025-04-04 17:45:21.198353,0
2025-04-04 17:45:21.261602,0
2025-04-04 17:45:21.314067,0
2025-04-04 17:45:21.355809,0
2025-04-04 17:45:21.402474,0
2025-04-04 17:45:21.442217,0
2025-04-04 17:45:21.504776,0
2025-04-04 17:45:21.552812,0
2025-04-04 17:45:21.597198,0
2025-04-04 17:45:21.690767,0
2025-04-04 17:45:21.739659,0
2025-04-04 17:45:21.790023,0
2025-04-04 17:45:21.835253,0
2025-04-04 17:45:21.941669,0
2025-04-04 17:45:21.989906,0
2025-04-04 17:45:22.053399,0
2025-04-04 17:45:22.295850,0
2025-04-04 17:45:22.421784,0
2025-04-04 17:45:22.475370,0
2025-04-04 17:45:22.550421,0
2025-04-04 17:45:22.606137,0
2025-04-04 17:45:22.690314,0
2025-04-04 17:45:22.743034,0
2025-04-04 17:45:22.789438,0
2025-04-04 17:45:22.819189,0
2025-04-04 17:45:22.868196,0
2025-04-04 17:45:22.937504,0
2025-04-04 17:45:22.983690,0
2025-04-04 17:45:23.029407,0
2025-04-04 17:45:23.080011,0
2025-04-04 17:45:23.197513,0
2025-04-04 17:45:23.242606,0
2025-04-04 17:45:23.303837,0
2025-04-04 17:45:23.357088,0
2025-04-04 17:45:23.410972,0
2025-04-04 17:45:23.456095,0
2025-04-04 17:45:23.501050,0
2025-04-04 17:45:23.551639,0
2025-04-04 17:45:23.603706,0
2025-04-04 17:45:23.698848,0
2025-04-04 17:45:23.755895,0
2025-04-04 17:45:23.805598,0
2025-04-04 17:45:23.842219,0
2025-04-04 17:45:23.923501,0
2025-04-04 17:45:23.970198,0
2025-04-04 17:45:24.021355,0
2025-04-04 17:45:24.086315,0
2025-04-04 17:45:24.140571,0
2025-04-04 17:45:24.201489,0
2025-04-04 17:45:24.258527,0
2025-04-04 17:45:24.317758,0
2025-04-04 17:45:24.367691,0
2025-04-04 17:45:24.445343,0
2025-04-04 17:45:24.488705,0
2025-04-04 17:45:24.549164,0
2025-04-04 17:45:24.601300,0
2025-04-04 17:45:24.656999,0
2025-04-04 17:45:24.716424,0
2025-04-04 17:45:24.851519,0
2025-04-04 17:45:24.916798,0
2025-04-04 17:45:24.968377,0
2025-04-04 17:45:25.068694,0
2025-04-04 17:45:25.154910,0
2025-04-04 17:45:25.229446,0
2025-04-04 17:45:25.330221,0
2025-04-04 17:45:25.368096,0
2025-04-04 17:45:25.423439,0
2025-04-04 17:45:25.470440,0
2025-04-04 17:45:25.565598,0
2025-04-04 17:45:25.609096,0
2025-04-04 17:45:25.667495,0
2025-04-04 17:45:25.719108,0
2025-04-04 17:45:25.775528,0
2025-04-04 17:45:25.815551,0
2025-04-04 17:45:25.856700,0
2025-04-04 17:45:25.906250,0
2025-04-04 17:45:25.953561,0
2025-04-04 17:45:26.051541,0
2025-04-04 17:45:26.093474,0
2025-04-04 17:45:26.143201,0
2025-04-04 17:45:26.191773,0
2025-04-04 17:45:26.330299,0
2025-04-04 17:45:26.369962,0
2025-04-04 17:45:26.427768,0
2025-04-04 17:45:26.478905,0
2025-04-04 17:45:26.538717,0
2025-04-04 17:45:26.585983,0
2025-04-04 17:45:26.681964,0
2025-04-04 17:45:26.726044,0
2025-04-04 17:45:26.783913,0
2025-04-04 17:45:26.834708,0
2025-04-04 17:45:26.939873,0
2025-04-04 17:45:26.986183,0
2025-04-04 17:45:27.040345,0
2025-04-04 17:45:27.077727,0
2025-04-04 17:45:27.119102,0
2025-04-04 17:45:27.174437,0
2025-04-04 17:45:27.253851,0
2025-04-04 17:45:27.310220,0
2025-04-04 17:45:27.349999,0
2025-04-04 17:45:27.473165,0
2025-04-04 17:45:27.557281,0
2025-04-04 17:45:27.636708,0
2025-04-04 17:45:27.704592,0
2025-04-04 17:45:27.747499,0
2025-04-04 17:45:27.787626,0
2025-04-04 17:45:27.839624,0
2025-04-04 17:45:27.890858,0
2025-04-04 17:45:27.932150,0
2025-04-04 17:45:27.970876,0
2025-04-04 17:45:28.056697,0
2025-04-04 17:45:28.105853,0
2025-04-04 17:45:28.145735,0
2025-04-04 17:45:28.190822,0
2025-04-04 17:45:28.290447,0
2025-04-04 17:45:28.330257,0
2025-04-04 17:45:28.374984,0
2025-04-04 17:45:28.435149,0
2025-04-04 17:45:28.473446,0
2025-04-04 17:45:28.553963,0
2025-04-04 17:45:28.616927,0
2025-04-04 17:45:28.665991,0
2025-04-04 17:45:28.718424,0
2025-04-04 17:45:28.819345,0
2025-04-04 17:45:28.863569,0
2025-04-04 17:45:28.907500,0
2025-04-04 17:45:28.949867,0
2025-04-04 17:45:29.017686,0
2025-04-04 17:45:29.069998,0
2025-04-04 17:45:29.204677,0
